Index,Region,Code,Constituency,Child,Adult,Over 60s,Total People,Vulnerability,Commuter,School Mobility,Population Density,Average Age,People per House,Economic Output
1,Wales ,W07000049,Aberavon,12260,56389,17672,68649,0.257425454,0,0.013,389.3381609,41.28115486,2.402919248,1485.25
2,Wales ,W07000058,Aberconwy,9303,49904,20126,59207,0.339926022,2,0.013,98.16372636,45.92791393,2.33761055,948.75
3,Scotland,S14000001,Aberdeen North,15455,86006,18704,101461,0.184346695,23,0.01,389.3726593,37.28374449,2.197504927,3647
4,Scotland,S14000002,Aberdeen South,14531,80300,20445,94831,0.215594057,3,0.01,389.3726593,40.2865835,2.143654776,3647
5,Scotland,S14000003,Airdrie and Shotts,16202,70534,19942,86736,0.229916067,5,0.01,389.3726593,40.17232752,2.377110283,2534
6,South East,E14000530,Aldershot,20880,84721,21076,105601,0.199581443,2,0.0289,1993.29158,38.72037197,2.627217316,3663.25
7,West Midlands,E14000531,Aldridge-Brownhills,13570,63906,22668,77476,0.292580928,11,0.03368,1760.158123,43.50077443,2.403847347,1510.666667
8,North West,E14000532,Altrincham and Sale West,21954,79907,24564,101861,0.241152158,1,0.03,2000.043197,40.65014088,2.550414382,5582
9,Wales ,W07000043,Alyn and Deeside,16356,69390,21132,85746,0.246448814,7,0.013,553.8016787,40.79506916,2.491602255,2250
10,East Midlands,E14000533,Amber Valley,15324,75296,25336,90620,0.279585081,4,0.0347,727.0165845,42.83971529,2.395516667,1922
11,Scotland,S14000004,Angus,14180,71696,25277,85876,0.294343006,5,0.01,389.3726593,43.6037659,2.199410936,1837
12,Wales ,W07000057,Arfon,11023,51734,14256,62757,0.22716191,3,0.013,153.7460863,38.75059356,2.592835895,1323
13,Scotland,S14000005,Argyll and Bute,13024,73236,28412,86260,0.329376304,3,0.01,389.3726593,45.44105031,2.149781931,823
14,South East,E14000534,Arundel and South Downs,17278,84301,35189,101579,0.346420028,8,0.0289,157.4255844,46.2350092,2.445329803,2089.2
15,East Midlands,E14000535,Ashfield,19985,87115,27759,107100,0.259187675,5,0.0347,994.3200281,41.47577031,2.467457666,1361.2
16,South East,E14000536,Ashford,25778,98093,30054,123871,0.242623374,0,0.0289,245.935603,40.33006918,2.705965878,1777.75
17,North West,E14000537,Ashton-under-Lyne,18574,74028,20916,92602,0.225869852,9,0.03,3331.954044,39.48592903,2.378801891,1470.285714
18,South East,E14000538,Aylesbury,26270,97462,25104,123732,0.202890117,1,0.0289,667.173163,38.484523,2.875148135,3001
19,Scotland,S14000006,"Ayr, Carrick and Cumnock",14725,77074,28534,91799,0.310831273,5,0.01,389.3726593,44.27495942,2.184338267,1762
20,South East,E14000539,Banbury,25402,99048,28077,124450,0.225608678,4,0.0289,268.4054538,39.85566894,2.645620748,3528.333333
21,Scotland,S14000007,Banff and Buchan,16208,75579,24583,91787,0.267826599,10,0.01,389.3726593,42.11888394,2.362417317,3647
22,London,E14000540,Barking,39395,101338,16340,140733,0.116106386,15,0.0904,6884.771931,32.2524781,3.115491898,2283.5
23,Yorkshire and The Humber,E14000541,Barnsley Central,16795,74477,22143,91272,0.242604523,3,0.0167,1886.970328,40.76378298,2.410076312,1630.888889
24,Yorkshire and The Humber,E14000542,Barnsley East,18090,76926,23843,95016,0.250936684,16,0.0167,1094.603935,40.86149701,2.434372678,1630.888889
25,North West,E14000543,Barrow and Furness,14711,72017,25304,86728,0.291762753,2,0.03,308.1956051,43.36856609,2.159292917,1283.75
26,East,E14000544,Basildon and Billericay,20479,75713,21480,96192,0.223303393,6,0.0209,1597.032792,39.26372255,2.571703561,2731
27,South East,E14000545,Basingstoke,23954,90929,22131,114883,0.192639468,2,0.0289,1949.958924,38.18571068,2.571009757,3663.25
28,East Midlands,E14000546,Bassetlaw,19301,88196,30027,107497,0.279328725,0,0.0347,224.1754181,42.65423221,2.442836041,2983.333333
29,South West,E14000547,Bath,14250,82977,19853,97227,0.204192251,23,0.028811,3390.594759,37.60110875,2.578965517,2935.571429
30,Yorkshire and The Humber,E14000548,Batley and Spen,23884,87820,25095,111704,0.224656234,23,0.0167,2028.757562,39.02695517,2.563723578,2035.833333
31,London,E14000549,Battersea,19404,98245,13708,117649,0.116516077,13,0.0904,11445.01192,34.92878817,2.448776122,2596.666667
32,South East,E14000550,Beaconsfield,20024,82775,28711,102799,0.2792926,1,0.0289,583.239199,42.85208027,2.54806167,3001
33,London,E14000551,Beckenham,18315,74784,22519,93099,0.241882297,20,0.0904,2699.750321,41.13384677,2.536411933,2072.75
34,East,E14000552,Bedford,22228,84533,22847,106761,0.214001368,5,0.0209,3145.654582,38.81104523,2.600121773,1410.333333
35,London,E14000553,Bermondsey and Old Southwark,23256,123150,15800,146406,0.107919074,115,0.0904,14044.68406,34.32791689,2.656951527,5891.75
36,Scotland,S14000008,"Berwickshire, Roxburgh and Selkirk",15363,79462,30538,94825,0.322045874,4,0.01,389.3726593,44.96501977,2.154379189,2121
37,North East,E14000554,Berwick-upon-Tweed,10814,65018,26972,75832,0.355680979,8,0.01823,31.86992605,46.89766853,2.263236435,1246.25
38,London,E14000555,Bethnal Green and Bow,28471,121866,14518,150337,0.096569707,45,0.0904,16402.12968,32.36466738,3.093990533,17289
39,Yorkshire and The Humber,E14000556,Beverley and Holderness,15971,84634,34104,100605,0.338989116,9,0.0167,129.8033229,45.88389245,2.342429393,1714.25
40,South East,E14000557,Bexhill and Battle,16528,89599,39668,106127,0.373778586,10,0.0289,201.5161705,47.37343937,2.380116172,1776.6
41,London,E14000558,Bexleyheath and Crayford,19794,74780,20040,94574,0.211897562,14,0.0904,4373.829355,38.95569607,2.694185682,2291.8
42,North West,E14000559,Birkenhead,18246,71966,20954,90212,0.232275085,12,0.03,3589.527296,39.75652906,2.253666092,1249
43,West Midlands,E14000560,"Birmingham, Edgbaston",20229,85627,19231,105856,0.181671327,2,0.03368,3738.024697,36.13079089,2.665793649,2907.9
44,West Midlands,E14000561,"Birmingham, Erdington",23852,80219,18928,104071,0.181875835,9,0.03368,4719.858864,36.40094743,2.537821888,2907.9
45,West Midlands,E14000562,"Birmingham, Hall Green",29209,90924,18985,120133,0.15803318,15,0.03368,6090.423779,34.48488758,3.061181327,2907.9
46,West Midlands,E14000563,"Birmingham, Hodge Hill",38249,91289,17174,129538,0.132578857,12,0.03368,6314.799107,31.66953326,3.280855052,2907.9
47,West Midlands,E14000564,"Birmingham, Ladywood",33053,114662,13549,147715,0.091723928,171,0.03368,5737.618955,30.5875165,3.09363743,2907.9
48,West Midlands,E14000565,"Birmingham, Northfield",23475,80443,22653,103918,0.217989184,16,0.03368,4249.23433,38.08667411,2.405119541,2907.9
49,West Midlands,E14000566,"Birmingham, Perry Barr",26283,86161,18456,112444,0.164135036,14,0.03368,4523.5624,35.27074811,2.968583347,2907.9
50,West Midlands,E14000567,"Birmingham, Selly Oak",19843,90181,20026,110024,0.182014833,15,0.03368,5029.668571,35.88388897,2.675355623,2907.9
51,West Midlands,E14000568,"Birmingham, Yardley",28124,85156,20022,113280,0.176747881,7,0.03368,5009.131229,35.50756532,2.733129056,2907.9
52,North East,E14000569,Bishop Auckland,15323,74092,26102,89415,0.2919197,9,0.01823,97.32011859,43.18140133,2.289287726,1472.333333
53,North West,E14000570,Blackburn,26970,82487,19729,109457,0.180244297,12,0.03,2713.078956,35.75876372,2.724708752,1579.5
54,North West,E14000571,Blackley and Broughton,32412,90126,17795,122538,0.145220258,8,0.03,4352.728048,33.55581942,2.691309218,4510
55,North West,E14000572,Blackpool North and Cleveleys,14267,68895,24875,83162,0.29911498,0,0.03,3616.997216,43.688716,2.184220203,1417
56,North West,E14000573,Blackpool South,15120,64335,20168,79455,0.253829212,0,0.03,3934.506596,41.02145869,2.175478466,1417
57,Wales ,W07000072,Blaenau Gwent,12189,57524,18045,69713,0.258846987,9,0.013,641.1681985,41.63243584,2.291984482,1068.2
58,North East,E14000574,Blaydon,14814,73164,25699,87978,0.292107118,9,0.01823,797.4547581,43.54973971,2.269345852,2177
59,North East,E14000575,Blyth Valley,15014,69326,23669,84340,0.280637894,13,0.01823,1198.591932,42.37352383,2.339593331,1246.25
60,South East,E14000576,Bognor Regis and Littlehampton,18199,89024,34308,107223,0.319968663,18,0.0289,1751.832331,44.41745708,2.467392305,2089.2
61,East Midlands,E14000577,Bolsover,17549,81626,26396,99175,0.266155785,5,0.0347,438.0414787,42.07419208,2.423986899,1914.666667
62,North West,E14000578,Bolton North East,20702,77687,22381,98389,0.227474616,3,0.03,2737.339087,39.10081412,2.389068305,1898.833333
63,North West,E14000579,Bolton South East,25313,81075,20759,106388,0.19512539,5,0.03,2889.078378,36.77879084,2.569758454,1898.833333
64,North West,E14000580,Bolton West,17970,78006,24517,95976,0.255449279,5,0.03,1337.389237,41.4193861,2.377585652,1898.833333
65,North West,E14000581,Bootle,19586,80053,23303,99639,0.233874286,10,0.03,3892.832725,39.98278786,2.339712582,1420.666667
66,East Midlands,E14000582,Boston and Skegness,19310,88221,32351,107531,0.300852777,2,0.0347,151.8463357,43.11950042,2.455101715,2139.857143
67,East Midlands,E14000583,Bosworth,18834,86768,29294,105602,0.277400049,2,0.0347,365.3559195,42.64626617,2.481716488,2622.714286
68,South West,E14000584,Bournemouth East,19706,87317,24748,107023,0.231240014,13,0.028811,4247.450093,40.24895583,2.334147565,3034
69,South West,E14000585,Bournemouth West,16670,88667,24823,105337,0.235653189,12,0.028811,3886.816402,39.85763787,2.40424075,3034
70,South East,E14000586,Bracknell,23499,88494,23003,111993,0.205396766,4,0.0289,1514.509775,38.80866661,2.662632843,5506.75
71,Yorkshire and The Humber,E14000587,Bradford East,33203,86058,17851,119261,0.149680113,8,0.0167,4191.258386,33.40043266,2.960725901,1896.4
72,Yorkshire and The Humber,E14000588,Bradford South,25878,79987,20734,105865,0.195853209,11,0.0167,2447.117618,36.89547065,2.593586163,1896.4
73,Yorkshire and The Humber,E14000589,Bradford West,30690,88074,16552,118764,0.139368832,39,0.0167,3369.736383,32.95226668,3.213050889,1896.4
74,East,E14000590,Braintree,19158,81726,26671,100884,0.264372943,17,0.0209,215.7646069,41.91210697,2.492501544,2411
75,Wales ,W07000068,Brecon and Radnorshire,10752,58398,25001,69150,0.361547361,1,0.013,22.99687568,46.63167028,2.246004937,1127.5
76,London,E14000591,Brent Central,32421,116719,22554,149140,0.151227035,6,0.0904,8156.367753,35.41099638,2.97512418,2897.666667
77,London,E14000592,Brent North,29078,107192,25840,136270,0.189623541,14,0.0904,6555.066503,37.21557203,3.33284418,2897.666667
78,London,E14000593,Brentford and Isleworth,28266,107568,22830,135834,0.168072795,0,0.0904,5193.781258,36.85142159,2.659084235,8553.666667
79,East,E14000594,Brentwood and Ongar,17882,78633,25661,96515,0.265875771,7,0.0209,304.7434711,42.28406983,2.498576162,1829.2
80,Wales ,W07000073,Bridgend,14745,69390,22530,84135,0.267783919,10,0.013,993.5992064,42.19058656,2.521427715,1485.25
81,South West,E14000595,Bridgwater and West Somerset,19706,94008,36201,113714,0.318351302,8,0.028811,105.2314604,44.25747929,2.473172535,2311.8
82,Yorkshire and The Humber,E14000596,Brigg and Goole,15345,73559,26355,88904,0.296443355,6,0.0167,139.499225,43.59152569,2.410367639,1714.25
83,South East,E14000597,"Brighton, Kemptown",15185,81372,21785,96557,0.225618029,4,0.0289,2430.219623,39.64995806,2.40622508,2803.333333
84,South East,E14000598,"Brighton, Pavilion",16337,96981,16136,113318,0.142395736,13,0.0289,3903.559839,35.61350359,2.533264777,2803.333333
85,South West,E14000599,Bristol East,19670,81463,19465,101133,0.192469323,23,0.028811,4265.631327,37.62471201,2.461735066,3681.75
86,South West,E14000600,Bristol North West,21844,84602,23233,106446,0.218260902,1,0.028811,2409.599826,38.2165793,2.56009043,3681.75
87,South West,E14000601,Bristol South,23289,90381,21284,113670,0.187243776,27,0.028811,4625.168861,36.95870502,2.454227481,3681.75
88,South West,E14000602,Bristol West,20874,121282,14947,142156,0.105145052,97,0.028811,8246.090306,32.18537381,2.643779059,3681.75
89,East,E14000603,Broadland,16469,82701,32232,99170,0.325017646,6,0.0209,129.7718504,45.11791873,2.450820482,2341
90,London,E14000604,Bromley and Chislehurst,20363,75680,20182,96043,0.210135044,5,0.0904,3265.835612,39.14536197,2.593863937,2072.75
91,West Midlands,E14000605,Bromsgrove,17816,80846,28198,98662,0.285804058,2,0.03368,454.7296036,43.20683749,2.5767041,2246.5
92,East,E14000606,Broxbourne,20504,81738,24135,102242,0.236057589,10,0.0209,1528.952933,40.21675045,2.57206108,3704.090909
93,East Midlands,E14000607,Broxtowe,16763,81283,25801,98046,0.26315199,6,0.0347,1490.273687,41.9335006,2.419992595,1361.2
94,South East,E14000608,Buckingham,20492,85800,28912,106292,0.272005419,20,0.0289,122.605113,42.39889173,2.73631098,3001
95,North West,E14000609,Burnley,18548,69979,21565,88527,0.243597998,4,0.03,799.8174985,39.81288195,2.357576565,2407
96,West Midlands,E14000610,Burton,21119,86130,25693,107249,0.239564005,1,0.03368,440.6749436,40.36093577,2.512156844,1798.1
97,North West,E14000611,Bury North,17818,71990,21930,89808,0.2441876,3,0.03,1760.488972,40.50815072,2.439440445,1470.285714
98,North West,E14000612,Bury South,21007,79293,22863,100300,0.227946162,25,0.03,2070.303631,39.51464606,2.428689041,1470.285714
99,East,E14000613,Bury St Edmunds,20357,97684,34325,118041,0.290788794,1,0.0209,235.1140355,43.30532612,2.462676291,2679.428571
100,Wales ,W07000076,Caerphilly,17152,71110,21827,88262,0.247297818,8,0.013,770.4710102,40.49099273,2.455746919,1068.2
101,Scotland,S14000009,"Caithness, Sutherland and Easter Ross",9953,50601,19224,60554,0.317468706,2,0.01,389.3726593,44.527942,2.162720097,691.6666667
102,Yorkshire and The Humber,E14000614,Calder Valley,18923,85926,28100,104849,0.268004464,9,0.0167,342.3498846,42.51290904,2.288130415,2035.833333
103,London,E14000615,Camberwell and Peckham,27476,104733,16609,132209,0.125626848,38,0.0904,11600.94416,34.90069511,2.623610891,5891.75
104,South West,E14000616,Camborne and Redruth,16619,76359,26880,92978,0.289100647,4,0.028811,332.8000115,42.5231345,2.567389203,1826.666667
105,East,E14000617,Cambridge,19717,96823,19255,116540,0.165222241,27,0.0209,3221.063222,35.29403638,2.692076692,3318.666667
106,West Midlands,E14000618,Cannock Chase,17925,82184,24743,100109,0.247160595,8,0.03368,1269.088494,41.27286258,2.461858155,1798.1
107,South East,E14000619,Canterbury,18132,101910,28329,120042,0.235992403,9,0.0289,482.7095624,38.98802086,2.787137218,2498.5
108,Wales ,W07000050,Cardiff Central,13395,80503,13340,93898,0.142069054,30,0.013,5590.13163,33.18708599,2.805521527,2854.4
109,Wales ,W07000051,Cardiff North,16521,73699,21748,90220,0.241055198,13,0.013,2115.000516,40.11661494,2.515544403,2854.4
110,Wales ,W07000080,Cardiff South and Penarth,23252,93210,22264,116462,0.191169652,32,0.013,2511.282897,37.40575467,2.484893744,2854.4
111,Wales ,W07000079,Cardiff West,19637,73844,19555,93481,0.209186894,14,0.013,1833.672681,38.39334196,2.405893707,2854.4
112,North West,E14000620,Carlisle,15681,70815,23022,86496,0.266162597,4,0.03,410.6040431,41.83154134,2.21813053,3407.5
113,Wales ,W07000067,Carmarthen East and Dinefwr,12047,60422,24134,72469,0.333025156,10,0.013,46.60583365,45.11756751,2.374942649,1363.2
114,Wales ,W07000066,Carmarthen West and South Pembrokeshire,13084,64756,25380,77840,0.326053443,3,0.013,76.43192521,44.62611768,2.337326968,1363.2
115,London,E14000621,Carshalton and Wallington,22557,79988,19546,102545,0.190609001,17,0.0904,4021.735294,38.07413331,2.669955998,2510.833333
116,East,E14000622,Castle Point,15250,74820,28389,90070,0.315188187,12,0.0209,1998.42469,44.1533474,2.471734358,2731
117,Scotland,S14000010,Central Ayrshire,14671,72658,25916,87329,0.296762816,0,0.01,389.3726593,43.6383561,2.20968599,823
118,South West,E14000623,Central Devon,16077,78058,30695,94135,0.326074255,9,0.028811,66.5990029,45.15149519,2.481743165,2532
119,East,E14000624,Central Suffolk and North Ipswich,18470,83437,31273,101907,0.30687784,15,0.0209,127.9874347,43.94818805,2.501399116,2679.428571
120,Wales ,W07000064,Ceredigion,10950,62042,23191,72992,0.31771975,1,0.013,40.87807668,43.53534634,2.312654458,1363.2
121,East Midlands,E14000625,Charnwood,18674,84332,28150,103006,0.273285051,12,0.0347,600.5280841,42.314205,2.638473361,2622.714286
122,South East,E14000626,Chatham and Aylesford,21990,80250,20803,102240,0.203472222,15,0.0289,1663.180018,38.16409429,2.610027571,1858.666667
123,North West,E14000627,Cheadle,17851,75975,26690,93826,0.284462729,2,0.03,2383.064106,42.86876772,2.497697325,2007
124,East,E14000628,Chelmsford,21873,89504,24497,111377,0.219946668,13,0.0209,2627.324152,39.55806854,2.520811172,1829.2
125,London,E14000629,Chelsea and Fulham,19379,89819,19867,109198,0.181935567,20,0.0904,13188.96069,38.24841114,2.199621304,6961.333333
126,South West,E14000630,Cheltenham,18888,87445,25213,106333,0.237113596,2,0.028811,2854.937401,40.32904178,2.304722891,2756.166667
127,South East,E14000631,Chesham and Amersham,19878,76049,26164,95927,0.27274907,10,0.0289,488.5550379,42.43442409,2.596410978,3001
128,East Midlands,E14000632,Chesterfield,15938,78293,25744,94231,0.273200964,6,0.0347,1989.809278,42.62721397,2.2339679,1914.666667
129,South East,E14000633,Chichester,18315,92984,37305,111299,0.335178214,9,0.0289,179.1590588,45.27940952,2.430427567,2089.2
130,London,E14000634,Chingford and Woodford Green,19283,75559,20924,94842,0.220619557,21,0.0904,4978.269085,39.60908669,2.678849847,1874.8
131,South West,E14000635,Chippenham,18790,80954,27125,99744,0.271946182,2,0.028811,595.0513803,42.62503008,2.468605371,2357.6
132,London,E14000636,Chipping Barnet,24235,94544,26167,118779,0.220299885,20,0.0904,3433.365611,39.71984105,2.677373546,2997
133,North West,E14000637,Chorley,19631,84169,26397,103800,0.254306358,13,0.03,668.7993505,41.34144509,2.558982324,1541
134,South West,E14000638,Christchurch,12387,74600,36065,86987,0.414602182,2,0.028811,800.6350813,49.47861175,2.310841325,1873.8
135,London,E14000639,Cities of London and Westminster,17816,112077,23333,129893,0.179632467,976,0.0904,7916.636193,38.62589978,2.292013693,34208
136,North West,E14000640,City of Chester,16476,80423,24718,96899,0.255090352,25,0.03,725.9227517,41.13388167,2.363217326,5044.5
137,North East,E14000641,City of Durham,15013,87521,24190,102534,0.235921743,20,0.01823,549.2406387,39.42236721,2.688993208,1472.333333
138,East,E14000642,Clacton,14185,76081,35609,90266,0.39448962,8,0.0209,682.6702081,47.64022999,2.293518307,2411
139,Yorkshire and The Humber,E14000643,Cleethorpes,16759,77626,28270,94385,0.299517932,0,0.0167,285.7581424,43.63731525,2.321722874,2397.333333
140,Wales ,W07000062,Clwyd South,14064,58459,19287,72523,0.265943218,20,0.013,116.4447666,41.52674324,2.376712329,948.75
141,Wales ,W07000059,Clwyd West,12373,61166,25070,73539,0.340907546,11,0.013,79.8449896,45.55608589,2.28296908,948.75
142,Scotland,S14000011,"Coatbridge, Chryston and Bellshill",17561,77242,21720,94803,0.229106674,8,0.01,389.3726593,40.33422993,2.330514516,2534
143,East,E14000644,Colchester,25122,98672,22206,123794,0.179378645,6,0.0209,2713.620272,36.68365995,2.721405175,2411
144,Yorkshire and The Humber,E14000645,Colne Valley,22065,89854,28340,111919,0.253218846,23,0.0167,620.4909085,41.20767698,2.411060126,2035.833333
145,North West,E14000646,Congleton,16620,79422,30162,96042,0.314050103,13,0.03,455.1641381,44.61763603,2.419742511,2983.2
146,North West,E14000647,Copeland,12897,65543,23798,78440,0.303391127,2,0.03,67.32509187,44.19158593,2.241206892,1283.75
147,East Midlands,E14000648,Corby,25493,97517,28500,123010,0.231688481,12,0.0347,222.0592716,39.89978864,2.729794505,2349.666667
148,West Midlands,E14000649,Coventry North East,29619,97786,20637,127405,0.161979514,1,0.03368,4678.451692,34.9977081,2.885273003,3175.333333
149,West Midlands,E14000650,Coventry North West,22258,91210,22869,113468,0.20154581,30,0.03368,2945.369404,37.70951281,2.653229201,3175.333333
150,West Midlands,E14000651,Coventry South,19713,106199,21542,125912,0.171087744,35,0.03368,3829.149244,35.18416037,3.021718784,3175.333333
151,South East,E14000652,Crawley,24677,87771,20601,112448,0.183204681,37,0.0289,2500.444729,37.35539983,2.631778501,4130
152,North West,E14000653,Crewe and Nantwich,21165,89663,27560,110828,0.24867362,4,0.03,813.7706907,40.954082,2.444375827,2983.2
153,London,E14000654,Croydon Central,27028,94482,22157,121510,0.182347132,5,0.0904,4738.802332,37.24922229,2.591660446,2990.666667
154,London,E14000655,Croydon North,34440,111798,22240,146238,0.152080854,27,0.0904,8325.533732,35.69281582,2.738641897,2990.666667
155,London,E14000656,Croydon South,23946,93652,26896,117598,0.228711373,29,0.0904,2716.642026,39.93421657,2.629239609,2990.666667
156,Scotland,S14000012,"Cumbernauld, Kilsyth and Kirkintilloch East",16084,71785,21653,87869,0.246423653,14,0.01,389.3726593,40.9484915,2.363467642,1184
157,Wales ,W07000070,Cynon Valley,13462,57581,17814,71043,0.250749546,12,0.013,389.567447,40.55089171,2.395003877,1159.75
158,London,E14000657,Dagenham and Rainham,27174,85236,20253,112410,0.180170803,14,0.0904,2743.206044,36.31173383,2.805410667,2283.5
159,North East,E14000658,Darlington,17583,74289,23429,91872,0.255017851,4,0.01823,3058.362961,41.23079937,2.255081001,2782
160,South East,E14000659,Dartford,25168,90581,23012,115749,0.198809493,17,0.0289,1347.31919,38.17602744,2.724403333,2724
161,East Midlands,E14000660,Daventry,18658,82498,27862,101156,0.27543596,1,0.0347,135.7010863,42.57329274,2.640666197,2977.5
162,Wales ,W07000042,Delyn,12389,57458,20718,69847,0.296619755,8,0.013,247.1074626,43.37652297,2.378417952,2250
163,North West,E14000661,Denton and Reddish,16699,70236,20410,86935,0.234773106,15,0.03,3384.568067,40.28550066,2.289932568,2007
164,East Midlands,E14000662,Derby North,19767,82742,22011,102509,0.21472261,1,0.0347,3473.903952,38.53904535,2.447566974,3568.5
165,East Midlands,E14000663,Derby South,27531,88632,20778,116163,0.178869347,47,0.0347,3720.704533,36.07777003,2.668144337,3568.5
166,East Midlands,E14000664,Derbyshire Dales,12147,68193,27801,80340,0.346041822,3,0.0347,88.48359667,46.63419218,2.3627327,1922
167,South West,E14000665,Devizes,20488,82609,25495,103097,0.247291386,14,0.028811,100.7374863,40.26668089,2.72375895,2357.6
168,Yorkshire and The Humber,E14000666,Dewsbury,24481,89632,26278,114113,0.230280511,12,0.0167,905.1515579,39.21686399,2.651755629,2035.833333
169,Yorkshire and The Humber,E14000667,Don Valley,18433,82144,27609,100577,0.2745061,16,0.0167,400.9244898,42.18323275,2.476534029,1630.888889
170,Yorkshire and The Humber,E14000668,Doncaster Central,21298,89435,25334,110733,0.228784554,25,0.0167,1828.245655,39.70130855,2.48854979,1630.888889
171,Yorkshire and The Humber,E14000669,Doncaster North,20063,79169,24631,99232,0.248216301,15,0.0167,386.7311374,40.47331506,2.398182609,1630.888889
172,South East,E14000670,Dover,18174,84356,30151,102530,0.294070028,15,0.0289,478.7146374,43.11310836,2.42617132,2498.5
173,West Midlands,E14000671,Dudley North,17465,67897,20127,85362,0.235784073,6,0.03368,3699.520668,39.89505869,2.576188321,1127
174,West Midlands,E14000672,Dudley South,15849,65537,21098,81386,0.259233775,1,0.03368,3207.165741,41.07829356,2.455675578,1127
175,London,E14000673,Dulwich and West Norwood,25290,91102,15484,116392,0.133033198,17,0.0904,7844.765416,35.33080452,2.506071828,4125.333333
176,Scotland,S14000013,Dumfries and Galloway,15153,80256,30993,95409,0.324843568,1,0.01,389.3726593,45.03286902,2.167548902,1494.5
177,Scotland,S14000014,"Dumfriesshire, Clydesdale and Tweeddale",13879,72466,27963,86345,0.323851989,8,0.01,389.3726593,45.33201691,2.269608874,1494.5
178,Scotland,S14000015,Dundee East,15597,74375,24260,89972,0.269639443,20,0.01,389.3726593,41.99071933,2.278464344,1837
179,Scotland,S14000016,Dundee West,13492,75450,19706,88942,0.221560118,25,0.01,389.3726593,39.12012323,2.103841423,1837
180,Scotland,S14000017,Dunfermline and West Fife,18721,82873,24766,101594,0.243774239,10,0.01,389.3726593,41.11633561,2.380253971,1000
181,Wales ,W07000061,Dwyfor Meirionnydd,9828,51593,21527,61421,0.350482734,5,0.013,28.88036295,45.82429462,2.172733383,1323
182,London,E14000674,Ealing Central and Acton,23519,99466,20198,122985,0.16423141,0,0.0904,6855.580454,36.91381876,2.513026421,3102
183,London,E14000675,Ealing North,28269,92224,22073,120493,0.183189065,15,0.0904,5178.797074,36.85078801,2.756646076,3102
184,London,E14000676,"Ealing, Southall",22356,76148,17575,98504,0.17841915,21,0.0904,6869.943648,37.05172379,3.133776604,3102
185,North East,E14000677,Easington,15234,67399,21562,82633,0.260936914,11,0.01823,702.3498073,41.49307178,2.290716048,1472.333333
186,South West,E14000678,East Devon,17929,88420,36478,106349,0.343002755,12,0.028811,319.1674857,45.50773397,2.554808177,2532
187,Scotland,S14000018,East Dunbartonshire,14631,69418,25413,84049,0.302359338,18,0.01,389.3726593,43.93513308,2.491595767,1184
188,London,E14000679,East Ham,40539,123191,18321,163730,0.111897636,27,0.0904,8683.269869,32.655335,3.558651568,3632.25
189,South East,E14000680,East Hampshire,18092,80995,28863,99087,0.291289473,11,0.0289,213.7273219,43.46939558,2.54742011,3879.75
190,Scotland,S14000019,"East Kilbride, Strathaven and Lesmahagow",17732,85202,26469,102934,0.257145355,12,0.01,389.3726593,42.143422,2.370549491,1836
191,Scotland,S14000020,East Lothian,19350,86440,28042,105790,0.265072313,20,0.01,389.3726593,42.09830797,2.465679991,1680
192,Scotland,S14000021,East Renfrewshire,19322,75848,24928,95170,0.261931281,20,0.01,389.3726593,41.41483661,2.556615178,6203
193,South East,E14000681,East Surrey,22147,90622,28977,112769,0.256958916,18,0.0289,434.6770267,41.60216904,2.659708955,4450
194,South East,E14000682,East Worthing and Shoreham,18527,81244,27596,99771,0.276593399,14,0.0289,1803.89342,42.69946177,2.383900411,2089.2
195,Yorkshire and The Humber,E14000683,East Yorkshire,16286,85590,36054,101876,0.353900821,12,0.0167,96.76773758,46.31125093,2.318261463,1714.25
196,South East,E14000684,Eastbourne,18767,91926,34996,110693,0.316153686,1,0.0289,2014.445965,44.36289558,2.281483161,1776.6
197,South East,E14000685,Eastleigh,21337,88974,26659,110311,0.241671275,9,0.0289,1518.841114,40.66063221,2.548716527,2155.4
198,North West,E14000686,Eddisbury,16857,73997,26985,90854,0.297014991,4,0.03,127.5233529,43.47704009,2.554949381,2983.2
199,Scotland,S14000022,Edinburgh East,13571,93611,18630,107182,0.173816499,53,0.01,389.3726593,37.18274524,2.383358164,4939.4
200,Scotland,S14000023,Edinburgh North and Leith,15735,97747,19555,113482,0.172318077,27,0.01,389.3726593,38.53769761,2.080406248,4939.4
201,Scotland,S14000024,Edinburgh South,14873,76445,20791,91318,0.227676909,17,0.01,389.3726593,39.71763508,2.446563965,4939.4
202,Scotland,S14000025,Edinburgh South West,15921,90126,20720,106047,0.195385065,26,0.01,389.3726593,38.35936896,2.290431965,4939.4
203,Scotland,S14000026,Edinburgh West,18401,82070,23983,100471,0.238705696,1,0.01,389.3726593,40.9524639,2.517628486,4939.4
204,London,E14000687,Edmonton,30110,90233,18548,120343,0.154126123,17,0.0904,6549.706648,34.97056746,2.899412133,2488.666667
205,North West,E14000688,Ellesmere Port and Neston,15844,71678,24296,87522,0.277598775,8,0.03,730.6950879,42.52185736,2.344799871,5044.5
206,Yorkshire and The Humber,E14000689,Elmet and Rothwell,17820,82302,30033,100122,0.299964044,21,0.0167,406.9794856,43.54657318,2.366502789,3279.875
207,London,E14000690,Eltham,19783,75142,18661,94925,0.196586779,23,0.0904,4396.059871,38.22717935,2.645329395,2291.8
208,London,E14000691,Enfield North,26554,83659,18818,110213,0.170742108,5,0.0904,2956.98391,36.22304084,2.739504362,2488.666667
209,London,E14000692,"Enfield, Southgate",19702,83611,21533,103313,0.208424884,16,0.0904,4102.163986,39.26204834,2.706016396,2488.666667
210,East,E14000693,Epping Forest,19571,81047,24158,100618,0.240096205,8,0.0209,797.0020341,40.69929834,2.531206762,4295
211,South East,E14000694,Epsom and Ewell,22468,88072,27551,110540,0.249240094,16,0.0289,2136.472134,41.11891623,2.667857315,4450
212,East Midlands,E14000695,Erewash,17770,79584,24126,97354,0.247817244,16,0.0347,1621.40466,41.28092323,2.373735157,1922
213,London,E14000696,Erith and Thamesmead,29327,92540,17966,121867,0.14742301,18,0.0904,5224.670208,35.20777569,2.928157813,2291.8
214,South East,E14000697,Esher and Walton,25762,88755,26718,114517,0.233310338,16,0.0289,1444.725076,40.34812299,2.621066123,3761.625
215,South West,E14000698,Exeter,17381,98262,22804,115643,0.197193086,25,0.028811,3046.026361,37.42082097,2.634236902,2532
216,Scotland,S14000028,Falkirk,19316,92544,27989,111860,0.250214554,6,0.01,389.3726593,41.76551046,2.339335383,2062
217,South East,E14000699,Fareham,17527,84491,28853,102018,0.282822639,3,0.0289,1613.024615,43.21136466,2.515981059,2155.4
218,South East,E14000700,Faversham and Mid Kent,19709,79940,26653,99649,0.267468816,2,0.0289,256.7739133,41.75029353,2.634822845,1777.75
219,London,E14000701,Feltham and Heston,31063,103885,21968,134948,0.16278863,9,0.0904,4524.706032,35.76622106,3.079668637,8553.666667
220,South West,E14000702,Filton and Bradley Stoke,19353,84222,20944,103575,0.202210958,19,0.028811,1283.233041,38.41405745,2.720860588,2935.571429
221,London,E14000703,Finchley and Golders Green,27761,104462,24922,132223,0.188484606,14,0.0904,6352.873911,37.71231934,2.834969983,2997
222,South East,E14000704,Folkestone and Hythe,20046,97942,36534,117988,0.309641658,10,0.0289,272.043845,44.17614503,2.388953006,1777.75
223,South West,E14000705,Forest of Dean,15037,75866,28652,90903,0.315193118,9,0.028811,155.6294662,44.38095552,2.535082827,2756.166667
224,North West,E14000706,Fylde,13687,72061,28593,85748,0.333453841,1,0.03,492.889862,45.87221859,2.299613817,2968.75
225,East Midlands,E14000707,Gainsborough,16713,80710,30690,97423,0.315018014,13,0.0347,81.10890154,44.34669431,2.467029628,2139.857143
226,North West,E14000708,Garston and Halewood,19002,80594,25532,99596,0.256355677,4,0.03,1952.552634,41.12046669,2.334153601,2690
227,North East,E14000709,Gateshead,17367,80149,20781,97516,0.213103491,4,0.01823,3963.146751,38.99648263,2.28310545,2177
228,East Midlands,E14000710,Gedling,17375,77984,24338,95359,0.255224992,19,0.0347,2500.504774,41.60928701,2.367050588,1361.2
229,South East,E14000711,Gillingham and Rainham,21075,81815,23139,102890,0.22489066,21,0.0289,3381.969622,39.04330839,2.594497819,1858.666667
230,Scotland,S14000029,Glasgow Central,13463,89998,12554,103461,0.121340408,184,0.01,389.3726593,34.15355545,2.280685125,2920.142857
231,Scotland,S14000030,Glasgow East,17413,77134,19805,94547,0.209472537,5,0.01,389.3726593,39.19043439,2.334493827,2920.142857
232,Scotland,S14000031,Glasgow North,9237,69251,12628,78488,0.160890837,2,0.01,389.3726593,36.66740139,2.214610197,2920.142857
233,Scotland,S14000032,Glasgow North East,14523,72132,16816,86655,0.194056892,4,0.01,389.3726593,38.69191622,2.065427243,2920.142857
234,Scotland,S14000033,Glasgow North West,14820,73144,17597,87964,0.200047747,17,0.01,389.3726593,39.25729844,2.07667973,2920.142857
235,Scotland,S14000034,Glasgow South,14143,74481,19152,88624,0.21610399,31,0.01,389.3726593,40.13035972,2.105733362,2920.142857
236,Scotland,S14000035,Glasgow South West,16627,71157,17785,87784,0.202599563,9,0.01,389.3726593,38.88119703,2.298371472,2920.142857
237,Scotland,S14000036,Glenrothes,16255,71676,23487,87931,0.267107164,5,0.01,389.3726593,41.77412972,2.221489566,1000
238,South West,E14000712,Gloucester,24575,95366,25612,119941,0.213538323,4,0.028811,3179.780434,38.84288942,2.582486435,2756.166667
239,Scotland,S14000037,Gordon,18894,85016,26647,103910,0.256443076,0,0.01,389.3726593,41.67169666,2.492982414,3647
240,South East,E14000713,Gosport,17947,81657,27575,99604,0.276846311,19,0.0289,2740.069709,42.3236115,2.402354019,2155.4
241,Wales ,W07000046,Gower,13866,65638,24073,79504,0.302789797,16,0.013,266.6256184,43.59920256,2.36964621,1800
242,East Midlands,E14000714,Grantham and Stamford,20773,90704,31213,111477,0.279994977,4,0.0347,162.5719256,42.6378087,2.485108565,2139.857143
243,South East,E14000715,Gravesham,22535,83850,23994,106385,0.225539315,18,0.0289,1074.376743,39.38757344,2.631273033,2724
244,Yorkshire and The Humber,E14000716,Great Grimsby,18374,70191,20371,88565,0.230011856,1,0.0167,3154.956771,39.32867386,2.293716979,2397.333333
245,East,E14000717,Great Yarmouth,17705,81665,30426,99370,0.306188991,3,0.0209,569.5515462,43.32383013,2.361510492,2341
246,London,E14000718,Greenwich and Woolwich,28510,104094,15490,132604,0.116813972,1,0.0904,7882.397698,33.75591988,2.860434014,2291.8
247,South East,E14000719,Guildford,19963,95067,24211,115030,0.210475528,28,0.0289,609.7544815,38.38454316,2.781122313,3761.625
248,London,E14000720,Hackney North and Stoke Newington,32980,109902,15464,142882,0.108229168,35,0.0904,15766.98558,33.05142005,2.8044673,3632.25
249,London,E14000721,Hackney South and Shoreditch,25040,111743,14687,136783,0.107374454,10,0.0904,13696.24208,34.14061689,2.695656458,3632.25
250,West Midlands,E14000722,Halesowen and Rowley Regis,17550,71979,22683,89529,0.253359247,6,0.03368,3008.164774,40.85503021,2.449560863,1127
251,Yorkshire and The Humber,E14000723,Halifax,22345,82888,23375,105233,0.222126139,3,0.0167,1823.84923,38.96109585,2.458829852,2035.833333
252,Yorkshire and The Humber,E14000724,Haltemprice and Howden,14779,75003,28807,89782,0.32085496,5,0.0167,207.9154314,45.20976365,2.432325531,1714.25
253,North West,E14000725,Halton,19353,78678,23624,98031,0.240984995,7,0.03,1928.115823,40.19864125,2.405373574,2179.2
254,London,E14000726,Hammersmith,20964,97816,17118,118780,0.144115171,24,0.0904,10531.54232,36.19371948,2.270303331,6961.333333
255,London,E14000727,Hampstead and Kilburn,28391,119876,24324,148267,0.164055387,4,0.0904,11624.31693,36.92218093,2.541385989,2897.666667
256,East Midlands,E14000728,Harborough,19597,86906,29137,106503,0.273579148,15,0.0347,519.8242702,42.22886679,2.680264747,2622.714286
257,East,E14000729,Harlow,21072,76076,20966,97148,0.215815045,1,0.0209,1219.050965,38.71881047,2.49879109,4295
258,Yorkshire and The Humber,E14000730,Harrogate and Knaresborough,18418,85092,29667,103510,0.286609989,3,0.0167,698.6979149,43.63525263,2.352446535,2394.166667
259,London,E14000731,Harrow East,22561,85978,23723,108539,0.218566598,20,0.0904,4577.966173,38.8431163,3.092103014,3861.2
260,London,E14000732,Harrow West,23680,86199,19980,109879,0.181836384,22,0.0904,6154.789779,37.08412891,2.959384847,3861.2
261,North East,E14000733,Hartlepool,17893,75349,23593,93242,0.253029751,8,0.01823,996.6064376,40.91835224,2.306029579,2093
262,East,E14000734,Harwich and North Essex,15999,80402,29658,96401,0.30765241,11,0.0209,246.3306945,43.70858186,2.528351867,2411
263,South East,E14000735,Hastings and Rye,19754,92052,31850,111806,0.284868433,6,0.0289,631.5427966,42.7876232,2.268376311,1776.6
264,South East,E14000736,Havant,17479,78582,27982,96061,0.291294074,10,0.0289,2034.445002,42.92261167,2.464619253,2155.4
265,London,E14000737,Hayes and Harlington,31788,95624,17788,127412,0.139610084,23,0.0904,2829.171024,34.38457916,3.405645248,3861.2
266,North West,E14000738,Hazel Grove,14545,65673,24458,80218,0.304894163,17,0.03,1376.001537,43.84879952,2.352571998,2007
267,East,E14000739,Hemel Hempstead,22261,84450,22820,106711,0.213848619,44,0.0209,1022.416102,39.00286756,2.594228619,3704.090909
268,Yorkshire and The Humber,E14000740,Hemsworth,19083,80163,25961,99246,0.261582331,10,0.0167,661.7410258,41.26198537,2.474037143,2472
269,London,E14000741,Hendon,32068,109070,23075,141138,0.163492468,20,0.0904,4503.489185,35.79347164,3.142545422,2997
270,South East,E14000742,Henley,18045,81552,29508,99597,0.296273984,3,0.0289,145.5971329,43.84859986,2.537115345,3528.333333
271,West Midlands,E14000743,Hereford and South Herefordshire,17772,83900,28516,101672,0.280470533,0,0.03368,140.4025678,42.66412582,2.436366251,1965.5
272,East,E14000744,Hertford and Stortford,22723,91703,25503,114426,0.222877668,15,0.0209,730.6285362,40.26261514,2.589526568,3704.090909
273,East,E14000745,Hertsmere,22183,82022,24456,104205,0.234691234,1,0.0209,1030.424748,40.04182141,2.619664136,3704.090909
274,North East,E14000746,Hexham,12156,65178,26478,77334,0.342384979,7,0.01823,31.86236237,46.3154628,2.371335705,1246.25
275,North West,E14000747,Heywood and Middleton,21397,85872,25673,107269,0.239332892,18,0.03,1478.102466,40.09016584,2.388054053,1470.285714
276,East Midlands,E14000748,High Peak,15696,76525,25400,92221,0.275425337,13,0.0347,171.0510306,42.8854274,2.367919684,1922
277,East,E14000749,Hitchin and Harpenden,22659,81366,24311,104025,0.233703437,14,0.0209,405.9623092,40.41457342,2.56162427,3704.090909
278,London,E14000750,Holborn and St Pancras,26316,133028,24378,159344,0.152989758,209,0.0904,12077.55393,35.80053846,2.725552914,103533
279,London,E14000751,Hornchurch and Upminster,21820,89215,27626,111035,0.248804431,28,0.0904,1926.296414,40.69288062,2.626306826,2283.5
280,London,E14000752,Hornsey and Wood Green,24392,104224,20343,128616,0.158168502,30,0.0904,7818.744415,37.18096504,2.423744464,5721.5
281,South East,E14000753,Horsham,21963,91523,28616,113486,0.252154451,9,0.0289,329.5903514,41.48687063,2.682250059,4130
282,North East,E14000754,Houghton and Sunderland South,15636,72285,23792,87921,0.270606567,14,0.01823,1335.878848,42.10146609,2.29991106,2494.666667
283,South East,E14000755,Hove,17975,85818,20017,103793,0.192855009,12,0.0289,4335.275568,39.24231885,2.25196355,2803.333333
284,Yorkshire and The Humber,E14000756,Huddersfield,19389,81602,20771,100991,0.205671793,22,0.0167,2146.502271,37.95458011,2.493481803,2035.833333
285,East,E14000757,Huntingdon,22362,97667,29833,120029,0.248548268,3,0.0209,365.2286524,41.21238201,2.590964037,3318.666667
286,North West,E14000758,Hyndburn,19365,73443,21950,92808,0.236509784,4,0.03,1028.195385,39.61168218,2.363932756,2407
287,London,E14000759,Ilford North,23289,87255,20873,110544,0.188820741,19,0.0904,3811.743773,37.6234712,2.919270077,1874.8
288,London,E14000760,Ilford South,36653,108884,20134,145537,0.138342827,21,0.0904,9281.578041,33.75457787,3.469131388,1874.8
289,Scotland,S14000038,Inverclyde,12628,65522,21666,78150,0.277236084,9,0.01,389.3726593,43.20127959,2.087674307,6203
290,Scotland,S14000039,"Inverness, Nairn, Badenoch and Strathspey",18227,87378,27779,105605,0.263046257,6,0.01,389.3726593,42.17636476,2.3658094,691.6666667
291,East,E14000761,Ipswich,23027,90639,23966,113666,0.210845811,0,0.0209,3605.285528,38.53629054,2.404662675,2679.428571
292,South East,E14000762,Isle of Wight,22057,119481,49599,141538,0.35042886,4,0.0289,372.8463695,46.1492532,2.317066383,2431
293,London,E14000763,Islington North,20661,97048,14637,117709,0.12434903,24,0.0904,15948.86456,34.729341,2.531920843,5721.5
294,London,E14000764,Islington South and Finsbury,17495,103938,14493,121433,0.119349765,110,0.0904,16242.60988,34.43001491,2.580057791,5721.5
295,Wales ,W07000077,Islwyn,14031,62583,19814,76614,0.25862114,11,0.013,684.09816,41.31782703,2.429876308,1068.2
296,North East,E14000765,Jarrow,15204,68279,22418,83483,0.268533713,12,0.01823,1766.959386,42.00724698,2.259900923,2177
297,Yorkshire and The Humber,E14000766,Keighley,20101,77385,25361,97486,0.260150175,14,0.0167,592.8398981,41.05488993,2.450320473,1896.4
298,West Midlands,E14000767,Kenilworth and Southam,14073,70217,25463,84290,0.302088029,4,0.03368,136.367225,43.96202396,2.45908335,3263.666667
299,London,E14000768,Kensington,19423,94222,22345,113645,0.196621057,40,0.0904,12678.64116,39.25271679,1.988086699,6961.333333
300,East Midlands,E14000769,Kettering,20839,80427,24117,101266,0.238154958,2,0.0347,433.706126,40.16948433,2.550716607,2349.666667
301,Scotland,S14000040,Kilmarnock and Loudoun,16792,80105,25556,96897,0.263743976,7,0.01,389.3726593,42.0739445,2.275218371,1762
302,London,E14000770,Kingston and Surbiton,24702,102590,23666,127292,0.185918989,5,0.0904,4487.247731,37.83050781,2.67701367,2510.833333
303,Yorkshire and The Humber,E14000771,Kingston upon Hull East,18068,71994,20669,90062,0.229497457,1,0.0167,3142.581982,39.25345873,2.249975017,2059.666667
304,Yorkshire and The Humber,E14000772,Kingston upon Hull North,19965,78435,16820,98400,0.170934959,19,0.0167,3971.120591,35.66615854,2.494992267,2059.666667
305,Yorkshire and The Humber,E14000773,Kingston upon Hull West and Hessle,16332,70976,18976,87308,0.21734549,25,0.0167,3678.635532,39.13723828,2.21397236,2059.666667
306,South West,E14000774,Kingswood,17687,74004,22008,91691,0.240023557,7,0.028811,2125.951207,40.61235018,2.540057621,2935.571429
307,Scotland,S14000041,Kirkcaldy and Cowdenbeath,18140,80925,26617,99065,0.268682178,14,0.01,389.3726593,42.04720133,2.238099541,1000
308,North West,E14000775,Knowsley,21909,84721,24806,106630,0.232636219,1,0.03,1967.412142,39.35480634,2.434474886,2179.2
309,Scotland,S14000042,Lanark and Hamilton East,16279,81759,27094,98038,0.276362227,1,0.01,389.3726593,42.83548216,2.236166233,1836
310,North West,E14000776,Lancaster and Fleetwood,14135,77460,22101,91595,0.241290463,6,0.03,209.2066933,39.59983624,2.672200018,2199
311,Yorkshire and The Humber,E14000777,Leeds Central,29342,126407,17155,155749,0.110145169,183,0.0167,3802.874332,31.52340625,2.722503846,3279.875
312,Yorkshire and The Humber,E14000778,Leeds East,24888,76256,19585,101144,0.193634818,8,0.0167,3002.69561,36.36065412,2.568084296,3279.875
313,Yorkshire and The Humber,E14000779,Leeds North East,18939,73627,19857,92566,0.214517209,28,0.0167,2344.362978,38.87763326,2.362462355,3279.875
314,Yorkshire and The Humber,E14000780,Leeds North West,12031,74139,18528,86170,0.215016827,11,0.0167,1387.093607,37.69941975,2.553639165,3279.875
315,Yorkshire and The Humber,E14000781,Leeds West,18084,76360,16988,94444,0.179873788,2,0.0167,3122.569894,36.78282368,2.295282767,3279.875
316,East Midlands,E14000782,Leicester East,26506,90102,22941,116608,0.196736073,14,0.0347,5007.343027,36.83405941,3.056966837,2769.666667
317,East Midlands,E14000783,Leicester South,24849,104547,18594,129396,0.143698414,47,0.0347,6108.339037,33.43308139,2.970182486,2769.666667
318,East Midlands,E14000784,Leicester West,24679,84535,16534,109214,0.151390847,12,0.0347,3782.813956,34.24421777,2.637063866,2769.666667
319,North West,E14000785,Leigh,19818,85590,25340,105408,0.240399211,17,0.03,1571.794543,40.75638471,2.355591311,1898.833333
320,South East,E14000786,Lewes,15792,77532,31175,93324,0.334051262,2,0.0289,251.6772822,45.5519802,2.415279899,1776.6
321,London,E14000787,Lewisham East,24077,86835,16983,110912,0.153121394,24,0.0904,7507.648986,36.38270881,2.610799868,5891.75
322,London,E14000788,Lewisham West and Penge,24769,90972,17063,115741,0.14742399,33,0.0904,7298.587464,36.30924219,2.473203983,2072.75
323,London,E14000789,"Lewisham, Deptford",23762,102727,13834,126489,0.109369194,22,0.0904,10509.9209,34.21831147,2.663150581,5891.75
324,London,E14000790,Leyton and Wanstead,22349,88395,15853,110744,0.143149967,25,0.0904,7232.733566,35.48274399,2.828059961,1874.8
325,West Midlands,E14000791,Lichfield,16674,79765,28925,96439,0.299930526,3,0.03368,295.7908562,43.80695569,2.495962524,1798.1
326,East Midlands,E14000792,Lincoln,18854,93808,23086,112662,0.204913813,19,0.0347,1763.142739,37.74616996,2.497273574,2139.857143
327,Scotland,S14000043,Linlithgow and East Falkirk,23069,96182,27595,119251,0.231402672,19,0.01,389.3726593,40.33817746,2.433842888,2062
328,North West,E14000793,"Liverpool, Riverside",15680,119548,18438,135228,0.136347502,82,0.03,5616.387151,33.75607123,2.586956938,2690
329,North West,E14000794,"Liverpool, Walton",17967,74117,19483,92084,0.211578559,1,0.03,4658.801149,38.71124191,2.243707512,2690
330,North West,E14000795,"Liverpool, Wavertree",17853,77500,18966,95353,0.198903024,17,0.03,5581.094527,37.6333204,2.370726735,2690
331,North West,E14000796,"Liverpool, West Derby",19132,74045,20351,93177,0.218412269,24,0.03,4518.921593,38.98294644,2.408109994,2690
332,Scotland,S14000044,Livingston,21330,90039,24224,111369,0.217511157,7,0.01,389.3726593,39.71491169,2.457608792,4867
333,Wales ,W07000045,Llanelli,15611,67525,23151,83136,0.27847142,9,0.013,353.7047398,42.09503705,2.377964017,1363.2
334,East Midlands,E14000797,Loughborough,17532,91574,23254,109106,0.213132183,0,0.0347,835.6118012,38.20905358,2.801828407,2622.714286
335,East Midlands,E14000798,Louth and Horncastle,15100,84922,38265,100022,0.382565836,6,0.0347,72.67289893,47.52334486,2.311204566,2139.857143
336,West Midlands,E14000799,Ludlow,12856,73759,31729,86615,0.366322231,9,0.03368,55.70378743,47.36594123,2.340376665,1548
337,East,E14000800,Luton North,24733,75869,19608,100602,0.194906662,11,0.0209,5355.386155,37.03476074,2.787453936,3049
338,East,E14000801,Luton South,28437,91475,18063,119912,0.150635466,14,0.0209,2149.411256,34.55888485,2.941470834,3049
339,North West,E14000802,Macclesfield,16153,77222,28130,93375,0.301258367,1,0.03,309.4566984,44.30998661,2.281055332,2983.2
340,South East,E14000803,Maidenhead,21807,84924,26186,106731,0.245345776,1,0.0289,581.9136837,41.09867798,2.617046318,5506.75
341,South East,E14000804,Maidstone and The Weald,21392,88199,26356,109591,0.240494201,0,0.0289,489.9658292,40.47313192,2.663401949,1777.75
342,North West,E14000805,Makerfield,18693,81756,25737,100449,0.256219574,18,0.03,1798.221274,41.33127259,2.452847236,1898.833333
343,East,E14000806,Maldon,15624,76249,28206,91873,0.307010765,10,0.0209,246.6074796,44.19927509,2.502328748,1829.2
344,North West,E14000807,Manchester Central,27138,135518,15326,162656,0.094223392,164,0.03,5714.34594,30.9998463,2.879631761,4510
345,North West,E14000808,"Manchester, Gorton",26621,92563,13506,119184,0.11332058,20,0.03,6896.902921,31.91924252,2.957419355,4510
346,North West,E14000809,"Manchester, Withington",16969,82164,14295,99133,0.144200216,21,0.03,5132.80797,35.00368192,2.424678978,4510
347,East Midlands,E14000810,Mansfield,20445,88396,27401,108841,0.251752556,10,0.0347,1419.105596,41.09433945,2.422564993,2983.333333
348,South East,E14000811,Meon Valley,16532,78587,29229,95119,0.307288765,4,0.0289,236.5114689,44.17613726,2.560610547,3879.75
349,West Midlands,E14000812,Meriden,22837,89723,28832,112560,0.256147832,38,0.03368,773.2697094,40.97827825,2.496839023,4942.5
350,Wales ,W07000071,Merthyr Tydfil and Rhymney,14449,61877,18801,76326,0.246324974,9,0.013,472.3611249,40.53626549,2.440713738,1159.75
351,East,E14000813,Mid Bedfordshire,22253,89932,26809,112185,0.238971342,16,0.0209,245.2101669,40.76020858,2.794216543,1410.333333
352,East Midlands,E14000814,Mid Derbyshire,14474,69859,25045,84333,0.296977458,18,0.0347,915.2692476,44.05877889,2.340048281,3568.5
353,South West,E14000815,Mid Dorset and North Poole,14660,68325,26599,82985,0.320527806,14,0.028811,472.0055786,44.59885521,2.446347503,1873.8
354,East,E14000816,Mid Norfolk,18558,88425,33758,106983,0.31554546,8,0.0209,140.7028448,44.26081714,2.558728564,2510.5
355,South East,E14000817,Mid Sussex,22188,91346,28988,113534,0.255324396,13,0.0289,603.5049148,41.67741822,2.597794252,4130
356,West Midlands,E14000818,Mid Worcestershire,18055,85376,31224,103431,0.301882414,5,0.03368,234.5734254,43.86750587,2.608929247,2246.5
357,North East,E14000819,Middlesbrough,20615,75310,18482,95925,0.192671358,21,0.01823,3291.313403,36.45485536,2.488585067,1558
358,North East,E14000820,Middlesbrough South and East Cleveland,17199,76691,27446,93890,0.292320801,19,0.01823,476.1996539,42.77709021,2.348659196,1558
359,Scotland,S14000045,Midlothian,17590,73750,22632,91340,0.247777534,15,0.01,389.3726593,40.69227064,2.611355709,1680
360,South East,E14000821,Milton Keynes North,29756,102942,25416,132698,0.191532653,26,0.0289,579.9963373,37.39230433,2.731985506,7162.5
361,South East,E14000822,Milton Keynes South,32289,103620,25181,135909,0.185278385,16,0.0289,1702.360852,37.14569307,2.717527793,7162.5
362,London,E14000823,Mitcham and Morden,22835,83577,17197,106412,0.161607713,32,0.0904,6470.466624,36.59940608,2.728722722,2510.833333
363,South East,E14000824,Mole Valley,17358,79850,28947,97208,0.297784133,25,0.0289,263.1071808,44.07624887,2.455429539,3761.625
364,Wales ,W07000054,Monmouth,13908,72304,28261,86212,0.327808194,6,0.013,103.9604754,45.48959542,2.421277313,1068.2
365,Wales ,W07000063,Montgomeryshire,10446,52851,20607,63297,0.325560453,2,0.013,29.10940587,44.99472329,2.296948144,1127.5
366,Scotland,S14000046,Moray,16173,79347,26754,95520,0.28008794,0,0.01,389.3726593,42.88389866,2.384304328,5677
367,North West,E14000825,Morecambe and Lunesdale,16525,72945,26544,89470,0.296680452,11,0.03,352.8414245,43.00288365,2.291986884,2199
368,Yorkshire and The Humber,E14000826,Morley and Outwood,18503,80610,23424,99113,0.236336303,7,0.0167,1444.511649,40.66587632,2.375785033,3279.875
369,Scotland,S14000047,Motherwell and Wishaw,17413,76527,21270,93940,0.22642112,9,0.01,389.3726593,40.17077922,2.280816763,2534
370,Scotland,S14000027,Na h-Eileanan an Iar,4328,22502,8760,26830,0.326500186,0,0.01,389.3726593,45.51658591,2.133428753,567
371,Wales ,W07000069,Neath,12692,61565,21037,74257,0.283299891,12,0.013,280.2308507,42.74604414,2.333364756,1485.25
372,South East,E14000827,New Forest East,15960,77654,29497,93614,0.31509176,7,0.0289,235.9274924,44.57689021,2.406838925,3879.75
373,South East,E14000828,New Forest West,12536,73603,34727,86139,0.403150722,6,0.0289,241.7945665,48.94525128,2.27016129,3879.75
374,East Midlands,E14000829,Newark,18341,86535,30637,104876,0.292125939,4,0.0347,149.7570282,43.33921965,2.515554916,2983.333333
375,South East,E14000830,Newbury,22569,89476,27148,112045,0.242295506,19,0.0289,187.7449129,40.78966487,2.554430841,5506.75
376,North East,E14000831,Newcastle upon Tyne Central,21180,83453,16849,104633,0.161029503,55,0.01823,4395.181108,34.69517265,2.736290175,2177
377,North East,E14000832,Newcastle upon Tyne East,12859,89856,16375,102715,0.159421701,22,0.01823,5381.862576,34.84008178,2.597223627,2177
378,North East,E14000833,Newcastle upon Tyne North,18128,74720,24354,92848,0.262299673,11,0.01823,1315.789101,41.13300233,2.358583549,2177
379,West Midlands,E14000834,Newcastle-under-Lyme,15609,78957,23024,94566,0.243470169,11,0.03368,1165.921162,40.47574181,2.503467994,1798.1
380,Wales ,W07000055,Newport East,16722,65179,18222,81901,0.222488126,9,0.013,668.9574846,39.1312194,2.565017225,3092.5
381,Wales ,W07000056,Newport West,17789,71446,21163,89235,0.237160307,19,0.013,924.3184789,40.12226144,2.456369742,3092.5
382,South West,E14000835,Newton Abbot,14741,77104,30559,91845,0.33272361,13,0.028811,451.0032115,45.47635691,2.455945664,2532
383,Yorkshire and The Humber,E14000836,"Normanton, Pontefract and Castleford",21887,91659,27084,113546,0.238528878,6,0.0167,1314.265872,40.433102,2.436243483,2472
384,Scotland,S14000048,North Ayrshire and Arran,15349,78296,28506,93645,0.304404934,20,0.01,389.3726593,43.97801271,2.149398641,823
385,South West,E14000837,North Cornwall,16274,77308,30645,93582,0.327466821,3,0.028811,78.2936204,44.75106324,2.498918529,1826.666667
386,South West,E14000838,North Devon,16671,79439,30603,96110,0.318416398,4,0.028811,88.49648786,44.48975133,2.402689933,2532
387,South West,E14000839,North Dorset,16844,81773,32375,98617,0.328290254,10,0.028811,111.9877048,45.06289991,2.483492407,1873.8
388,North East,E14000840,North Durham,15588,72500,24249,88088,0.275281537,19,0.01823,846.2261912,42.4473254,2.277352637,1472.333333
389,East,E14000841,North East Bedfordshire,23783,93134,28602,116917,0.244635083,25,0.0209,215.3957372,40.74575126,2.771858701,1410.333333
390,East,E14000842,North East Cambridgeshire,21819,97951,33932,119770,0.283309677,22,0.0209,165.397496,42.50775653,2.515225335,3318.666667
391,East Midlands,E14000843,North East Derbyshire,14808,77069,28711,91877,0.312493878,10,0.0347,402.5610872,44.51759417,2.321767917,1914.666667
392,Scotland,S14000049,North East Fife,11357,71963,24505,83320,0.294107057,8,0.01,389.3726593,43.18464954,2.42033406,1000
393,South East,E14000844,North East Hampshire,20252,81110,25749,101362,0.25403011,17,0.0289,252.4767692,41.74356268,2.677001902,3663.25
394,East,E14000845,North East Hertfordshire,19656,81135,26105,100791,0.2590013,12,0.0209,200.6710737,41.80112312,2.559771429,3704.090909
395,South West,E14000846,North East Somerset,17773,77106,26360,94879,0.277827549,8,0.028811,299.111389,42.09954785,2.649141421,2935.571429
396,West Midlands,E14000847,North Herefordshire,14441,75994,31276,90435,0.345839553,8,0.03368,62.13058973,45.92757229,2.471712037,1965.5
397,East,E14000848,North Norfolk,11884,75453,36295,87337,0.415574155,7,0.0209,120.206144,49.40063203,2.269318713,1532
398,West Midlands,E14000849,North Shropshire,18747,91248,32304,109995,0.293686077,7,0.03368,117.6152447,43.5524342,2.558856372,1548
399,South West,E14000850,North Somerset,18668,83526,31690,102194,0.310096483,10,0.028811,447.8932006,44.28708143,2.431048838,2935.571429
400,South West,E14000851,North Swindon,23564,89417,24723,112981,0.218824404,15,0.028811,1062.607513,39.47761128,2.498584634,4820.5
401,South East,E14000852,North Thanet,18133,81067,30705,99200,0.30952621,13,0.0289,724.8531843,43.44564516,2.436149312,2498.5
402,North East,E14000853,North Tyneside,18580,86867,26800,105447,0.254156116,8,0.01823,2388.634804,41.46444185,2.232722114,2177
403,West Midlands,E14000854,North Warwickshire,17125,76207,25217,93332,0.270186003,14,0.03368,350.2374081,42.0871191,2.479530299,3263.666667
404,East,E14000855,North West Cambridgeshire,28387,105874,30307,134261,0.22573197,11,0.0209,180.0005416,39.44959445,2.623002383,3318.666667
405,North East,E14000856,North West Durham,16924,77557,26625,94481,0.28180269,16,0.01823,135.0971658,42.80158974,2.296851829,1472.333333
406,South East,E14000857,North West Hampshire,21259,87428,28056,108687,0.258135748,16,0.0289,184.3777879,41.68550977,2.620984856,3663.25
407,East Midlands,E14000858,North West Leicestershire,18751,83375,26416,102126,0.25866087,7,0.0347,365.613055,41.73065625,2.61004907,2622.714286
408,East,E14000859,North West Norfolk,17050,80835,32021,97885,0.327128774,2,0.0209,124.3024377,44.5366195,2.368491096,1532
409,South West,E14000860,North Wiltshire,18391,76553,25853,94944,0.272297354,11,0.028811,132.9289909,42.47362656,2.660240964,2357.6
410,East Midlands,E14000861,Northampton North,18505,69385,19833,87890,0.225657071,6,0.0347,3929.484772,38.90228695,2.471041386,2977.5
411,East Midlands,E14000862,Northampton South,21625,79978,19007,101603,0.187071248,15,0.0347,3083.784809,37.08904265,2.510637772,2977.5
412,East,E14000863,Norwich North,16132,73433,23234,89565,0.259409367,0,0.0209,2475.128503,41.51431921,2.30090428,2341
413,East,E14000864,Norwich South,15894,88321,21306,104215,0.204442739,15,0.0209,3619.569257,37.65566377,2.359994565,2341
414,East Midlands,E14000865,Nottingham East,20087,90374,14589,110461,0.132073764,6,0.0347,5904.952824,33.52639393,2.625772559,3371.333333
415,East Midlands,E14000866,Nottingham North,24214,76028,18970,100242,0.189242034,4,0.0347,4294.490618,36.41439716,2.411344447,3371.333333
416,East Midlands,E14000867,Nottingham South,17839,102527,17931,120366,0.14897064,64,0.0347,3696.165527,33.60013625,2.832674386,3371.333333
417,West Midlands,E14000868,Nuneaton,18400,75930,22675,94330,0.240379519,13,0.03368,1136.189807,40.30939256,2.47663306,3263.666667
418,Scotland,S14000050,Ochil and South Perthshire,17948,86691,29777,104639,0.284568851,19,0.01,389.3726593,43.16823555,2.408872212,8239
419,Wales ,W07000074,Ogmore,14989,63053,19100,78042,0.244740012,16,0.013,384.6184174,40.55422721,2.47744516,1485.25
420,London,E14000869,Old Bexley and Sidcup,16562,72912,21942,89474,0.245233252,17,0.0904,3645.096633,40.98542593,2.579616549,2291.8
421,North West,E14000870,Oldham East and Saddleworth,24005,82869,23347,106874,0.218453506,6,0.03,1023.601233,38.34198215,2.591261759,1470.285714
422,North West,E14000871,Oldham West and Royton,25647,82546,21218,108193,0.196112503,2,0.03,3508.374272,36.73436359,2.742117802,1470.285714
423,Scotland,S14000051,Orkney and Shetland,7749,37431,12901,45180,0.285546702,2,0.01,389.3726593,43.12235502,2.296315121,634
424,London,E14000872,Orpington,19070,73278,24264,92348,0.262745268,10,0.0904,1173.046901,41.5567852,2.533900398,2072.75
425,South East,E14000873,Oxford East,21647,101346,18386,122993,0.149488182,30,0.0289,4018.788087,34.05008415,2.837732454,3528.333333
426,South East,E14000874,Oxford West and Abingdon,19867,90415,27386,110282,0.248327016,4,0.0289,863.4514098,40.67944905,2.572534932,3528.333333
427,Scotland,S14000052,Paisley and Renfrewshire North,16480,76045,23286,92525,0.251672521,17,0.01,389.3726593,41.37161848,2.352709335,6203
428,Scotland,S14000053,Paisley and Renfrewshire South,13691,71574,21290,85265,0.249692136,12,0.01,389.3726593,41.92091714,2.050871918,6203
429,North West,E14000875,Pendle,19266,72139,22258,91405,0.243509655,9,0.03,539.6442675,39.72989443,2.447386741,2407
430,Yorkshire and The Humber,E14000876,Penistone and Stocksbridge,14985,74560,27067,89545,0.3022726,21,0.0167,304.7540543,44.20187615,2.366036041,1630.888889
431,North West,E14000877,Penrith and The Border,12884,69749,27782,82633,0.336209505,2,0.03,26.60250276,46.03683758,2.315557922,1283.75
432,Scotland,S14000054,Perth and North Perthshire,15457,82594,29225,98051,0.298059173,1,0.01,389.3726593,43.93499301,2.224791251,1000
433,East,E14000878,Peterborough,28538,95565,24467,124103,0.197150754,20,0.0209,709.068834,37.25620654,2.707071809,6607
434,South West,E14000879,"Plymouth, Moor View",18895,74802,24236,93697,0.258663564,8,0.028811,2871.718642,40.5814914,2.426377667,1814.666667
435,South West,E14000880,"Plymouth, Sutton and Devonport",18561,96061,21266,114622,0.185531573,3,0.028811,5419.121193,37.02210745,2.394093197,1814.666667
436,Wales ,W07000075,Pontypridd,14969,67281,20106,82250,0.244449848,9,0.013,783.0954215,40.45164742,2.475247525,1159.75
437,South West,E14000881,Poole,17442,81397,27911,98839,0.282388531,7,0.028811,3194.558465,42.97635549,2.342156398,3034
438,London,E14000882,Poplar and Limehouse,36144,131224,14319,167368,0.085553989,72,0.0904,15758.80835,31.86968835,3.177853305,17289
439,South East,E14000883,Portsmouth North,20697,79007,21554,99704,0.216179892,4,0.0289,3696.491996,38.97633997,2.517015046,2822.5
440,South East,E14000884,Portsmouth South,19231,96198,18272,115429,0.158296442,2,0.0289,8603.95951,35.06640446,2.516931598,2822.5
441,Wales ,W07000065,Preseli Pembrokeshire,13901,65277,25083,79178,0.316792543,1,0.013,67.06691555,44.08763798,2.386820607,1363.2
442,North West,E14000885,Preston,20166,76553,15567,96719,0.160950796,19,0.03,3650.489907,34.89289591,2.473378682,2968.75
443,Yorkshire and The Humber,E14000886,Pudsey,18331,73363,22134,91694,0.24138984,23,0.0167,1667.512298,40.30266975,2.38017859,3279.875
444,London,E14000887,Putney,19132,80098,14517,99230,0.146296483,21,0.0904,7781.524467,35.7881689,2.520254997,2596.666667
445,East,E14000888,Rayleigh and Wickford,17804,83862,28760,101666,0.282887101,18,0.0209,906.3911695,43.05730529,2.566739882,2731
446,South East,E14000889,Reading East,22477,93618,19476,116095,0.167759163,30,0.0289,4211.803716,36.13763728,2.707249959,5506.75
447,South East,E14000890,Reading West,22806,81339,21500,104145,0.20644294,12,0.0289,2048.078568,38.35779922,2.515032964,5506.75
448,North East,E14000891,Redcar,16318,71130,24009,87448,0.274551734,7,0.01823,1207.866992,41.96105114,2.284072507,1558
449,West Midlands,E14000892,Redditch,17896,72834,22686,90730,0.250038576,4,0.03368,610.3898812,40.46474154,2.451963354,2246.5
450,South East,E14000893,Reigate,22120,84492,24451,106612,0.229345665,12,0.0289,953.3492684,40.22928939,2.64185355,4450
451,Wales ,W07000052,Rhondda,12799,56738,18105,69537,0.260364986,12,0.013,696.0611888,41.12312869,2.286122892,1159.75
452,North West,E14000894,Ribble Valley,17529,82819,28847,100348,0.287469606,4,0.03,158.9426043,43.40088492,2.458124097,2968.75
453,Yorkshire and The Humber,E14000895,Richmond (Yorks),17827,91331,33582,109158,0.307645798,2,0.0167,52.53578609,44.20672786,2.478216451,2394.166667
454,London,E14000896,Richmond Park,27486,99418,24601,126904,0.193855198,5,0.0904,3416.65141,38.50733625,2.598894122,2510.833333
455,North West,E14000897,Rochdale,26051,86681,22258,112732,0.19744172,1,0.03,1317.638368,37.02833268,2.644242723,1470.285714
456,South East,E14000898,Rochester and Strood,22765,90356,24412,113121,0.215804316,1,0.0289,760.7222763,38.97538919,2.657044205,1858.666667
457,East,E14000899,Rochford and Southend East,20930,84965,24742,105895,0.233646537,2,0.0209,1135.650714,40.10675669,2.469048008,1492
458,London,E14000900,Romford,21254,84376,23270,105630,0.220297264,0,0.0904,3593.223798,39.09514343,2.683620843,2283.5
459,South East,E14000901,Romsey and Southampton North,15165,76393,24812,91558,0.270997619,2,0.0289,217.7970428,41.59733721,2.636355783,2563.333333
460,Scotland,S14000055,"Ross, Skye and Lochaber",11155,58226,21615,69381,0.311540624,6,0.01,389.3726593,44.65938802,2.355571399,691.6666667
461,North West,E14000902,Rossendale and Darwen,18903,79484,23860,98387,0.242511714,15,0.03,452.451378,40.86449429,2.381098742,1579.5
462,Yorkshire and The Humber,E14000903,Rother Valley,18062,78956,26861,97018,0.276866149,19,0.0167,581.807322,42.23773939,2.444640427,1630.888889
463,Yorkshire and The Humber,E14000904,Rotherham,18767,73122,20792,91889,0.226273003,12,0.0167,2037.712167,39.21349672,2.459687349,1630.888889
464,West Midlands,E14000905,Rugby,20731,82623,25086,103354,0.242719198,5,0.03368,419.160851,40.57448188,2.543660169,3263.666667
465,London,E14000906,"Ruislip, Northwood and Pinner",18782,78908,26106,97690,0.267233084,13,0.0904,1973.116814,42.00768758,2.601736444,3861.2
466,South East,E14000907,Runnymede and Weybridge,20018,90091,24536,110109,0.222833737,22,0.0289,1173.527136,39.64470661,2.625080463,3761.625
467,East Midlands,E14000908,Rushcliffe,18608,81438,26527,100046,0.265148032,11,0.0347,323.44583,42.05899286,2.54369327,1361.2
468,Scotland,S14000056,Rutherglen and Hamilton West,19324,86205,25181,105529,0.238616873,27,0.01,389.3726593,40.71157691,2.277964858,1836
469,East Midlands,E14000909,Rutland and Melton,18108,86590,31596,104698,0.301782269,5,0.0347,94.76113854,44.01035359,2.499832864,2622.714286
470,East,E14000910,Saffron Walden,22392,91211,29450,113603,0.259236112,1,0.0209,142.82002,41.74551728,2.805913009,1829.2
471,North West,E14000911,Salford and Eccles,19924,99930,20924,119854,0.174579071,30,0.03,3776.023289,36.98799373,2.398951182,5582
472,South West,E14000912,Salisbury,18150,78833,27747,96983,0.286101688,4,0.028811,158.3129177,43.17221575,2.507121992,2357.6
473,Yorkshire and The Humber,E14000913,Scarborough and Whitby,15884,81225,32256,97109,0.332162827,3,0.0167,131.5076722,45.16123119,2.206972569,2394.166667
474,Yorkshire and The Humber,E14000914,Scunthorpe,18620,73578,22297,92198,0.241838218,1,0.0167,505.4221682,40.11416734,2.48097519,2397.333333
475,North East,E14000915,Sedgefield,15348,69175,23883,84523,0.282562143,3,0.01823,230.4044583,42.78636584,2.305843518,1472.333333
476,North West,E14000916,Sefton Central,12952,70449,29299,83401,0.351302742,20,0.03,1000.580666,46.54361458,2.351642464,1420.666667
477,Yorkshire and The Humber,E14000917,Selby and Ainsty,18963,83762,27434,102725,0.267062546,11,0.0167,121.5880194,42.22615722,2.598527775,2394.166667
478,South East,E14000918,Sevenoaks,19900,77696,25965,97596,0.26604574,2,0.0289,391.0141584,41.70723185,2.559156702,3854.666667
479,Yorkshire and The Humber,E14000919,Sheffield Central,17194,116466,14982,133660,0.112090379,75,0.0167,6629.138252,31.88989975,2.971278677,2527.8
480,Yorkshire and The Humber,E14000920,Sheffield South East,18493,76193,22746,94686,0.240225588,14,0.0167,2135.645976,40.32690155,2.422690172,2527.8
481,Yorkshire and The Humber,E14000921,"Sheffield, Brightside and Hillsborough",27709,85103,20584,112812,0.182462859,9,0.0167,4120.384236,36.15859128,2.592723679,2527.8
482,Yorkshire and The Humber,E14000922,"Sheffield, Hallam",15264,76932,24247,92196,0.262994056,24,0.0167,681.5001637,41.37730487,2.524603631,2527.8
483,Yorkshire and The Humber,E14000923,"Sheffield, Heeley",18134,76998,22220,95132,0.233570197,23,0.0167,3769.395356,40.05100282,2.25463336,2527.8
484,East Midlands,E14000924,Sherwood,18734,82627,27065,101361,0.267015913,18,0.0347,329.9156243,42.00751768,2.525061033,1361.2
485,Yorkshire and The Humber,E14000925,Shipley,17723,78074,26301,95797,0.274549307,14,0.0167,1008.169799,42.50313684,2.311201718,1896.4
486,West Midlands,E14000926,Shrewsbury and Atcham,18634,89001,30579,107635,0.284099038,5,0.03368,178.9012387,43.00622474,2.466090822,1548
487,South East,E14000927,Sittingbourne and Sheppey,24756,94575,28777,119331,0.24115276,11,0.0289,498.6515252,39.85184068,2.722649387,2724
488,Yorkshire and The Humber,E14000928,Skipton and Ripon,16639,83597,33461,100236,0.33382218,3,0.0167,47.9222527,45.71493276,2.343167048,2394.166667
489,East Midlands,E14000929,Sleaford and North Hykeham,20569,98035,36440,118604,0.307240902,15,0.0347,105.6726855,44.22326397,2.497031454,2139.857143
490,South East,E14000930,Slough,37524,105032,20216,142556,0.141810937,6,0.0289,5296.230936,34.19969696,2.955569838,5506.75
491,West Midlands,E14000931,Solihull,19167,83182,28282,102349,0.276329031,4,0.03368,3128.169079,42.55178849,2.497840146,4942.5
492,South West,E14000932,Somerton and Frome,19215,88512,34765,107727,0.322713897,12,0.028811,113.299202,44.70602542,2.450680195,2311.8
493,East,E14000933,South Basildon and East Thurrock,20773,80617,23486,101390,0.231640201,13,0.0209,771.5452822,39.51247658,2.567420425,2055.5
494,East,E14000934,South Cambridgeshire,23980,92786,29086,116766,0.249096484,13,0.0209,185.5885705,41.08553003,2.649317058,3318.666667
495,East Midlands,E14000935,South Derbyshire,19702,84791,25093,104493,0.240140488,19,0.0347,309.032943,40.79321103,2.679857407,1922
496,South West,E14000936,South Dorset,14899,78833,31480,93732,0.33585115,5,0.028811,252.4180911,45.37946486,2.330888021,1873.8
497,East,E14000937,South East Cambridgeshire,23555,97499,30772,121054,0.254200605,2,0.0209,161.2814047,41.43109687,2.579678643,3318.666667
498,South West,E14000938,South East Cornwall,14645,75669,30991,90314,0.343147242,8,0.028811,126.1465263,45.7810417,2.327740406,1826.666667
499,East Midlands,E14000939,South Holland and The Deepings,18992,89122,33001,108114,0.305242614,7,0.0347,138.6644203,43.74932941,2.518085478,2139.857143
500,East Midlands,E14000940,South Leicestershire,20371,86553,27456,106924,0.256780517,14,0.0347,375.8113366,41.57335117,2.597954175,2622.714286
501,East,E14000941,South Norfolk,19612,90183,33470,109795,0.30484084,1,0.0209,138.7576304,43.85832688,2.620530813,2510.5
502,East Midlands,E14000942,South Northamptonshire,24718,94157,28030,118875,0.235793901,5,0.0347,194.7696066,40.47099054,2.712802373,2977.5
503,North West,E14000943,South Ribble,17533,82018,28464,99551,0.285923798,16,0.03,505.8005159,43.10790449,2.468410612,1541
504,North East,E14000944,South Shields,14712,69084,22211,83796,0.265060385,9,0.01823,3409.224059,41.90054418,2.210976253,2177
505,West Midlands,E14000945,South Staffordshire,15334,82072,29673,97406,0.304632158,20,0.03368,355.8055376,44.4323245,2.532262258,1798.1
506,East,E14000946,South Suffolk,16144,79374,31488,95518,0.329655144,9,0.0209,146.6681059,45.25498859,2.428320834,2679.428571
507,South West,E14000947,South Swindon,21843,87172,22425,109015,0.205705637,11,0.028811,880.7940599,39.00983351,2.526887951,4820.5
508,South East,E14000948,South Thanet,19060,82509,30578,101569,0.301056425,4,0.0289,796.170006,43.00790596,2.387387176,2498.5
509,East,E14000949,South West Bedfordshire,23048,89913,25876,112961,0.22907021,16,0.0209,892.2176499,39.81292659,2.673126982,6582
510,South West,E14000950,South West Devon,15934,74085,27994,90019,0.310978793,8,0.028811,242.9166294,44.20100201,2.420255955,1814.666667
511,East,E14000951,South West Hertfordshire,22164,88476,27143,110640,0.245327187,7,0.0209,636.433396,41.22756688,2.602742949,3704.090909
512,East,E14000952,South West Norfolk,19683,89677,33015,109360,0.301892831,11,0.0209,83.4344666,43.35892465,2.547165417,1532
513,South East,E14000953,South West Surrey,21660,85110,28369,106770,0.265701976,7,0.0289,416.5702655,41.97607006,2.557120276,3761.625
514,South West,E14000954,South West Wiltshire,18697,84599,29751,103296,0.288016961,11,0.028811,140.0730089,43.04451286,2.485167809,2357.6
515,South East,E14000955,"Southampton, Itchen",20818,89544,20767,110362,0.188171653,2,0.0289,5422.821034,36.74198547,2.501121813,2563.333333
516,South East,E14000956,"Southampton, Test",21264,91412,18443,112676,0.163681707,12,0.0289,5109.304361,35.27294189,2.561749727,2563.333333
517,East,E14000957,Southend West,17661,75131,24324,92792,0.262134667,13,0.0209,4716.190941,41.91021855,2.43868594,1492
518,North West,E14000958,Southport,15371,76985,30133,92356,0.326270085,14,0.03,2005.86844,45.07302179,2.315905614,1420.666667
519,South East,E14000959,Spelthorne,19531,79803,23810,99334,0.239696378,10,0.0289,2212.929959,40.85902108,2.514021057,3761.625
520,East,E14000960,St Albans,22505,80676,21488,103181,0.208255396,0,0.0209,1534.739545,39.02042043,2.619871014,3704.090909
521,South West,E14000961,St Austell and Newquay,19086,88444,32207,107530,0.299516414,9,0.028811,271.0527145,43.48097275,2.566715998,1826.666667
522,North West,E14000962,St Helens North,18474,80846,26423,99320,0.266039066,22,0.03,1185.119425,41.55726943,2.390948483,2179.2
523,North West,E14000963,St Helens South and Whiston,18935,84111,26362,103046,0.255827495,8,0.03,1606.699597,41.34585525,2.377783418,2179.2
524,South West,E14000964,St Ives,14041,73274,30071,87315,0.344396725,3,0.028811,164.6356916,45.83704976,2.313531703,1826.666667
525,West Midlands,E14000965,Stafford,17087,81740,26652,98827,0.269683386,3,0.03368,339.6018809,42.25590173,2.452769781,1798.1
526,West Midlands,E14000966,Staffordshire Moorlands,12745,65999,24816,78744,0.315147821,12,0.03368,153.3551403,44.86936148,2.352674036,1798.1
527,North West,E14000967,Stalybridge and Hyde,19181,75497,21913,94678,0.231447644,25,0.03,1497.38253,39.79279241,2.39230847,2007
528,East,E14000968,Stevenage,20051,78152,21027,98203,0.214117695,5,0.0209,1548.777103,39.16914962,2.50217851,3704.090909
529,Scotland,S14000057,Stirling,15514,78816,23597,94330,0.250153716,7,0.01,389.3726593,41.21828687,2.511047224,6984
530,North West,E14000969,Stockport,18816,70453,17834,89269,0.199778198,7,0.03,4073.531559,38.32447994,2.361363877,2007
531,North East,E14000970,Stockton North,18437,74395,22464,92832,0.241985522,12,0.01823,769.4870915,40.16918735,2.412097906,2093
532,North East,E14000971,Stockton South,20780,83601,24986,104381,0.239373066,12,0.01823,1237.903341,40.19698987,2.566346225,2093
533,West Midlands,E14000972,Stoke-on-Trent Central,16802,69867,17412,86669,0.200902283,35,0.03368,2862.980348,37.54990827,2.374232961,2833
534,West Midlands,E14000973,Stoke-on-Trent North,20670,78945,23367,99615,0.234573106,10,0.03368,2361.003797,39.39100537,2.403662862,1798.1
535,West Midlands,E14000974,Stoke-on-Trent South,18184,71697,22681,89881,0.252344767,14,0.03368,2736.145147,40.29440037,2.347130099,2833
536,West Midlands,E14000975,Stone,13530,72488,27870,86018,0.324001953,11,0.03368,138.4967871,45.37971122,2.400122771,1798.1
537,West Midlands,E14000976,Stourbridge,16762,73682,24625,90444,0.272267923,19,0.03368,3300.05692,41.96592367,2.412290294,1127
538,West Midlands,E14000977,Stratford-on-Avon,15277,78533,30736,93810,0.327640976,1,0.03368,139.8657283,45.44112568,2.428800746,3263.666667
539,London,E14000978,Streatham,22499,101859,14751,124358,0.118617218,45,0.0904,11905.41381,34.93004873,2.602394007,4125.333333
540,North West,E14000979,Stretford and Urmston,21391,79855,21426,101246,0.211623175,18,0.03,2163.03405,39.0402485,2.471584806,5582
541,South West,E14000980,Stroud,18966,86720,29951,105686,0.283396098,3,0.028811,274.2019847,43.14170278,2.493829491,2756.166667
542,East,E14000981,Suffolk Coastal,16079,87164,38276,103243,0.370736999,13,0.0209,136.8771518,47.1893494,2.337242207,2679.428571
543,North East,E14000982,Sunderland Central,16739,84956,25219,101695,0.247986627,9,0.01823,3504.343601,40.96333153,2.322758211,2494.666667
544,South East,E14000983,Surrey Heath,20692,88319,27393,109011,0.251286567,1,0.0289,1008.205409,41.62142353,2.603372101,3761.625
545,London,E14000984,Sutton and Cheam,20853,81127,21509,101980,0.210913905,15,0.0904,5557.735487,39.42155325,2.56443785,2510.833333
546,West Midlands,E14000985,Sutton Coldfield,17498,76897,26932,94395,0.285311722,16,0.03368,1637.758581,42.81484189,2.366560534,2907.9
547,Wales ,W07000048,Swansea East,16017,67517,18886,83534,0.226087581,17,0.013,1713.746448,39.18769603,2.393044375,1800
548,Wales ,W07000047,Swansea West,12118,71310,19019,83428,0.227969027,13,0.013,2548.99205,38.98066596,2.381004024,1800
549,West Midlands,E14000986,Tamworth,17838,77691,24812,95529,0.259732647,6,0.03368,531.6316638,41.28559914,2.464501316,1798.1
550,North West,E14000987,Tatton,15595,70373,25784,85968,0.299925554,18,0.03,260.1285937,44.04664526,2.359230495,2983.2
551,South West,E14000988,Taunton Deane,21642,97337,34743,118979,0.292009514,9,0.028811,257.3258905,43.09027644,2.536487091,2311.8
552,West Midlands,E14000989,Telford,21218,76285,20510,97503,0.210352502,9,0.03368,1929.785672,38.23818754,2.676741888,4890
553,South West,E14000990,Tewkesbury,19806,88534,30696,108340,0.283330257,4,0.028811,293.769213,42.84934466,2.570587956,2756.166667
554,South West,E14000991,The Cotswolds,16957,85398,33436,102355,0.326666992,0,0.028811,82.56144639,45.33385765,2.457443999,2756.166667
555,West Midlands,E14000992,The Wrekin,17937,78388,23942,96325,0.248554373,3,0.03368,278.9705848,40.81767973,2.659809471,1548
556,Yorkshire and The Humber,E14000993,Thirsk and Malton,16072,85695,34742,101767,0.34138768,0,0.0167,47.62579557,45.99044877,2.409541849,2394.166667
557,South West,E14000994,Thornbury and Yate,15923,71455,24679,87378,0.282439516,5,0.028811,234.1923262,42.89641557,2.618224313,2935.571429
558,East,E14000995,Thurrock,31542,98354,20634,129896,0.158850157,5,0.0209,1909.12351,35.60863306,2.830101529,2055.5
559,South West,E14000996,Tiverton and Honiton,17404,85735,35463,103139,0.343836958,10,0.028811,114.1545613,45.72157962,2.409733417,2532
560,South East,E14000997,Tonbridge and Malling,22050,84719,26434,106769,0.247581227,5,0.0289,356.4253643,40.96749993,2.708154724,3854.666667
561,London,E14000998,Tooting,20388,89207,13798,109595,0.125899904,11,0.0904,9757.563347,34.97832018,2.544224162,2596.666667
562,South West,E14000999,Torbay,16926,83419,32060,100345,0.319497733,8,0.028811,2806.680428,44.58403508,2.285867238,991
563,Wales ,W07000053,Torfaen,15703,67442,21193,83145,0.254892056,8,0.013,710.2616124,40.93814421,2.440774989,1068.2
564,South West,E14001000,Torridge and West Devon,16276,85568,36049,101844,0.353962924,14,0.028811,59.90942996,46.38144613,2.417432173,2532
565,South West,E14001001,Totnes,13601,72817,32598,86418,0.377213081,1,0.028811,151.8505301,47.36238978,2.29896249,991
566,London,E14001002,Tottenham,30015,111993,17692,142008,0.12458453,29,0.0904,10800.23729,34.49543688,2.904643076,5721.5
567,South West,E14001003,Truro and Falmouth,15743,80748,28252,96491,0.292794147,8,0.028811,216.9937956,42.75804997,2.456491853,1826.666667
568,South East,E14001004,Tunbridge Wells,21749,86208,26089,107957,0.241661032,7,0.0289,435.1887012,41.08182888,2.486915457,3854.666667
569,London,E14001005,Twickenham,24718,93460,24403,118178,0.206493594,10,0.0904,4053.06317,39.33661088,2.509406718,8553.666667
570,North East,E14001006,Tynemouth,18572,81966,27468,100538,0.27321013,11,0.01823,2633.829162,42.53664286,2.281480473,2177
571,London,E14001007,Uxbridge and South Ruislip,22321,89132,19266,111453,0.172862103,27,0.0904,3708.104044,36.28910841,2.988737229,3861.2
572,Wales ,W07000060,Vale of Clwyd,13421,58725,21582,72146,0.299143404,0,0.013,333.6848434,42.96648463,2.340502839,948.75
573,Wales ,W07000078,Vale of Glamorgan,19071,83281,27470,102352,0.268387525,11,0.013,324.7537821,41.69752423,2.496085843,2854.4
574,London,E14001008,Vauxhall,17826,105982,14143,123808,0.114233329,20,0.0904,14448.52898,34.9429843,2.441298261,4125.333333
575,Yorkshire and The Humber,E14001009,Wakefield,19223,81215,24182,100438,0.240765447,6,0.0167,1290.199096,40.49857624,2.445412933,2472
576,North West,E14001010,Wallasey,17263,72931,23357,90194,0.258964011,13,0.03,3887.789718,41.17982349,2.287736208,1249
577,West Midlands,E14001011,Walsall North,22527,77523,21446,100050,0.214352824,5,0.03368,3717.520464,38.00267866,2.619864359,1510.666667
578,West Midlands,E14001012,Walsall South,25181,80671,20166,105852,0.19051128,6,0.03368,3203.374904,36.42401655,2.830040371,1510.666667
579,London,E14001013,Walthamstow,27990,90901,14494,118891,0.121909985,19,0.0904,7346.433095,34.07702013,2.859056368,1874.8
580,North East,E14001014,Wansbeck,14371,68397,24042,82768,0.29047458,7,0.01823,604.6495658,43.26496955,2.275909478,1246.25
581,South East,E14001015,Wantage,24811,95591,28236,120402,0.234514377,4,0.0289,206.0054731,40.29374927,2.793096249,3528.333333
582,West Midlands,E14001016,Warley,23683,75151,17271,98834,0.174747557,16,0.03368,5105.246574,36.07449865,2.793815016,2109
583,North West,E14001017,Warrington North,18171,78759,23691,96930,0.244413494,29,0.03,1060.300271,40.84790055,2.399613804,3739
584,North West,E14001018,Warrington South,21520,91097,26896,112617,0.238827175,10,0.03,1262.373824,40.92328867,2.516805971,3739
585,West Midlands,E14001019,Warwick and Leamington,18103,83791,21830,101894,0.214242252,20,0.03368,1129.96092,38.98851748,2.440984117,3263.666667
586,North East,E14001020,Washington and Sunderland West,16597,71204,22816,87801,0.259860366,10,0.01823,2060.857993,41.00743727,2.325977535,2494.666667
587,East,E14001021,Watford,26866,95695,23211,122561,0.189383246,3,0.0209,3314.681192,37.74592244,2.645848625,3704.090909
588,East,E14001022,Waveney,18533,86749,33800,105282,0.321042533,8,0.0209,425.7032887,44.24129481,2.349625067,2679.428571
589,South East,E14001023,Wealden,19599,89768,33683,109367,0.307981384,4,0.0289,192.1408259,44.17326982,2.637891944,1776.6
590,North West,E14001024,Weaver Vale,17099,73106,24085,90205,0.267002938,5,0.03,542.8516063,41.81090849,2.428390675,2179.2
591,East Midlands,E14001025,Wellingborough,23376,90446,27946,113822,0.245523712,13,0.0347,687.825604,40.47417898,2.54049952,2349.666667
592,South West,E14001026,Wells,18253,89215,34663,107468,0.322542524,7,0.028811,193.3548876,44.82482227,2.439737565,2311.8
593,East,E14001027,Welwyn Hatfield,22042,95338,22757,117380,0.193874595,34,0.0209,1028.629516,37.42468052,2.827071291,3704.090909
594,Yorkshire and The Humber,E14001028,Wentworth and Dearne,19237,79913,25190,99150,0.254059506,3,0.0167,1098.067446,40.96826021,2.425866119,1630.888889
595,Scotland,S14000058,West Aberdeenshire and Kincardine,18778,78263,24414,97041,0.251584382,8,0.01,389.3726593,41.47308869,2.612702601,3647
596,West Midlands,E14001029,West Bromwich East,20633,73169,20003,93802,0.213247052,3,0.03368,3370.80186,38.30245624,2.692828845,2109
597,West Midlands,E14001030,West Bromwich West,21612,74614,18732,96226,0.194666722,15,0.03368,3500.132765,37.31723235,2.696992629,2109
598,South West,E14001031,West Dorset,15068,83680,37849,98748,0.383288775,9,0.028811,95.59013219,47.96524487,2.309030538,1873.8
599,Scotland,S14000059,West Dunbartonshire,15705,73425,22549,89130,0.252990015,1,0.01,389.3726593,41.47409402,2.113738231,1184
600,London,E14001032,West Ham,38106,150169,19848,188275,0.105420263,18,0.0904,10854.14997,32.93000664,3.39173122,3632.25
601,North West,E14001033,West Lancashire,17045,80610,26512,97655,0.271486355,2,0.03,372.2287719,41.64709436,2.521365315,1541
602,East,E14001034,West Suffolk,24423,96476,29878,120899,0.247131903,4,0.0209,147.7443022,39.98606275,2.60064963,2679.428571
603,West Midlands,E14001035,West Worcestershire,15363,80918,34183,96281,0.355033703,7,0.03368,136.5128531,46.68537925,2.422041658,2246.5
604,London,E14001036,Westminster North,26384,107753,20982,134137,0.156422165,6,0.0904,16802.19959,36.57673125,2.507936805,34208
605,North West,E14001037,Westmorland and Lonsdale,12489,72452,30359,84941,0.357412792,5,0.03,63.85849953,47.04305341,2.258408444,3407.5
606,South West,E14001038,Weston-Super-Mare,20195,91530,32246,111725,0.288619378,10,0.028811,767.4152958,42.86153502,2.418813596,2935.571429
607,North West,E14001039,Wigan,19658,85192,25503,104850,0.24323319,1,0.03,1732.785761,40.81242728,2.377173691,1898.833333
608,London,E14001040,Wimbledon,20370,79404,17912,99774,0.179525728,1,0.0904,4711.009543,37.73642432,2.509406439,2510.833333
609,South East,E14001041,Winchester,18943,83087,27319,102030,0.267754582,42,0.0289,314.0263889,41.61351563,2.595522768,2155.4
610,South East,E14001042,Windsor,21274,85138,24019,106412,0.225717024,4,0.0289,726.9910066,40.5142935,2.560627572,5506.75
611,North West,E14001043,Wirral South,12789,60406,22849,73195,0.312166132,8,0.03,1203.960181,44.31677027,2.359454581,1249
612,North West,E14001044,Wirral West,12115,57519,22932,69634,0.329321883,7,0.03,1453.133249,45.170793,2.312884047,1249
613,East,E14001045,Witham,17192,75180,25787,92372,0.279164682,6,0.0209,249.621266,42.46929806,2.513660607,1829.2
614,South East,E14001046,Witney,20364,89436,30104,109800,0.27417122,10,0.0289,153.6906758,42.53701275,2.539256724,3528.333333
615,South East,E14001047,Woking,23032,85002,24082,108034,0.222911306,4,0.0289,1091.319768,39.69033823,2.579731601,3761.625
616,South East,E14001048,Wokingham,23936,87490,24064,111426,0.215963958,5,0.0289,713.8006847,39.31016998,2.803522456,5506.75
617,West Midlands,E14001049,Wolverhampton North East,20256,71476,18891,91732,0.20593686,10,0.03368,3704.981199,37.94184145,2.502919509,2350
618,West Midlands,E14001050,Wolverhampton South East,21078,73280,20059,94358,0.212583989,5,0.03368,3811.535836,38.10561903,2.666384085,1127
619,West Midlands,E14001051,Wolverhampton South West,16621,71718,20653,88339,0.233792549,8,0.03368,3817.47311,40.06025651,2.50280485,2350
620,West Midlands,E14001052,Worcester,18662,83229,22468,101891,0.220510153,0,0.03368,3061.803408,39.24688147,2.423552638,2246.5
621,North West,E14001053,Workington,13544,66106,24143,79650,0.303113622,12,0.03,118.3348789,43.88015066,2.302954953,1283.75
622,North West,E14001054,Worsley and Eccles South,22553,81153,22314,103706,0.21516595,24,0.03,1738.368107,38.54510829,2.414181623,5582
623,South East,E14001055,Worthing West,15711,83801,34532,99512,0.347013426,3,0.0289,3267.445068,46.3724174,2.249824784,2089.2
624,Wales ,W07000044,Wrexham,13370,57852,18431,71222,0.258782399,19,0.013,690.3617658,41.2912864,2.384159609,2250
625,South East,E14001056,Wycombe,24642,86667,22164,111309,0.199121365,4,0.0289,795.3909641,37.85627398,2.678465722,3001
626,North West,E14001057,Wyre and Preston North,15137,75076,29032,90213,0.321816146,0,0.03,338.8422954,44.98961347,2.39800638,2968.75
627,West Midlands,E14001058,Wyre Forest,17532,83530,30986,101062,0.306603867,12,0.03368,517.1959385,43.83007461,2.351099221,2246.5
628,North West,E14001059,Wythenshawe and Sale East,24084,84143,21355,108227,0.197316751,24,0.03,2961.496469,37.67587571,2.353425968,4510
629,South West,E14001060,Yeovil,19934,91577,33409,111511,0.29960273,2,0.028811,278.0768853,43.25534701,2.41910361,2311.8
630,Wales ,W07000041,Ynys Môn,12055,57906,22924,69961,0.327668272,6,0.013,98.35505075,44.61914495,2.286755573,1050
631,Yorkshire and The Humber,E14001061,York Central,17084,96068,19991,113152,0.176673855,12,0.0167,4818.361829,36.6271122,2.498829557,3175.5
632,Yorkshire and The Humber,E14001062,York Outer,15658,81083,29004,96741,0.299810835,1,0.0167,389.3726593,43.41242079,2.527854716,3175.5
